democratic_house_seats,democratic_aligned_senate_seats,simulation_count,probability,overall_dem_to_gop_percentile,house_vs_senate_tilt_percentile
229,37,1,0.0001,99.065,99.985
205,38,1,0.0001,99.915,99.745
214,38,1,0.0001,99.725,99.915
201,39,1,0.0001,99.895,99.215
203,39,1,0.0001,99.875,99.385
207,39,1,0.0001,99.785,99.605
180,40,1,0.0001,99.995,79.605
189,40,1,0.0001,99.945,92.665
194,40,1,0.0001,99.905,95.945
200,40,1,0.0001,99.805,98.045
203,40,1,0.0001,99.655,98.725
206,40,1,0.0001,99.465,99.095
207,40,1,0.0001,99.405,99.205
209,40,2,0.0002,99.28,99.37
213,40,1,0.0001,98.835,99.595
226,40,1,0.0001,95.495,99.905
175,41,1,0.0001,99.985,51.765
179,41,1,0.0001,99.975,63.165
190,41,1,0.0001,99.885,86.785
191,41,1,0.0001,99.865,88.385
192,41,1,0.0001,99.845,89.655
195,41,2,0.0002,99.77,92.65
196,41,1,0.0001,99.715,93.475
197,41,2,0.0002,99.64,94.22
199,41,1,0.0001,99.535,95.365
200,41,3,0.0003,99.445,95.925
201,41,1,0.0001,99.395,96.365
203,41,2,0.0002,99.26,97.13
205,41,2,0.0002,99.05,97.79
206,41,1,0.0001,98.955,98.035
215,41,1,0.0001,97.285,99.355
216,41,2,0.0002,96.93,99.49
217,41,1,0.0001,96.595,99.545
219,41,1,0.0001,95.865,99.585
222,41,1,0.0001,94.795,99.725
224,41,1,0.0001,93.905,99.815
237,41,1,0.0001,85.505,99.955
258,41,1,0.0001,63.065,99.995
176,42,1,0.0001,99.965,36.295
180,42,1,0.0001,99.935,48.785
185,42,1,0.0001,99.855,63.155
186,42,1,0.0001,99.835,65.875
189,42,2,0.0002,99.75,73.13
191,42,1,0.0001,99.625,77.675
192,42,2,0.0002,99.58,79.59
193,42,2,0.0002,99.52,81.52
194,42,1,0.0001,99.425,83.255
195,42,2,0.0002,99.38,85.18
196,42,1,0.0001,99.355,86.775
197,42,3,0.0003,99.235,88.365
198,42,3,0.0003,99.175,89.635
199,42,2,0.0002,99.03,90.82
200,42,3,0.0003,98.935,91.705
201,42,3,0.0003,98.815,92.625
202,42,3,0.0003,98.655,93.455
203,42,4,0.0004,98.44,94.19
204,42,4,0.0004,98.24,94.88
205,42,2,0.0002,98.09,95.35
206,42,4,0.0004,97.93,95.89
207,42,2,0.0002,97.79,96.35
208,42,2,0.0002,97.56,96.8
209,42,2,0.0002,97.27,97.11
210,42,3,0.0003,96.905,97.485
211,42,2,0.0002,96.58,97.77
212,42,1,0.0001,96.195,98.025
215,42,3,0.0003,95.215,98.705
217,42,2,0.0002,94.38,99.02
218,42,2,0.0002,93.89,99.08
219,42,1,0.0001,93.355,99.195
222,42,1,0.0001,91.575,99.475
230,42,1,0.0001,86.405,99.805
236,42,1,0.0001,80.795,99.895
243,42,1,0.0001,73.445,99.945
170,43,1,0.0001,99.955,9.785
174,43,1,0.0001,99.925,15.785
180,43,2,0.0002,99.82,30.13
182,43,1,0.0001,99.795,36.285
183,43,1,0.0001,99.735,39.385
184,43,3,0.0003,99.695,42.705
185,43,1,0.0001,99.615,45.795
186,43,3,0.0003,99.555,48.765
187,43,4,0.0004,99.49,51.74
190,43,4,0.0004,99.33,60.31
191,43,3,0.0003,99.205,63.135
192,43,6,0.0006,99.13,65.84
193,43,4,0.0004,99,68.5
194,43,6,0.0006,98.89,70.89
195,43,8,0.0008,98.76,73.08
196,43,8,0.0008,98.6,75.31
197,43,8,0.0008,98.38,77.63
198,43,2,0.0002,98.21,79.57
199,43,6,0.0006,98.05,81.48
200,43,5,0.0005,97.885,83.225
201,43,10,0.001,97.73,85.12
202,43,11,0.0011,97.495,86.715
203,43,12,0.0012,97.2,88.29
204,43,8,0.0008,96.85,89.58
205,43,10,0.001,96.52,90.76
206,43,4,0.0004,96.17,91.67
207,43,5,0.0005,95.835,92.585
208,43,4,0.0004,95.47,93.42
209,43,1,0.0001,95.195,94.165
210,43,2,0.0002,94.78,94.85
211,43,2,0.0002,94.36,95.33
212,43,7,0.0007,93.845,95.835
213,43,2,0.0002,93.34,96.33
214,43,3,0.0003,92.665,96.775
215,43,2,0.0002,92.13,97.09
216,43,2,0.0002,91.56,97.46
217,43,3,0.0003,90.985,97.745
218,43,2,0.0002,90.47,98.01
219,43,4,0.0004,89.83,98.29
220,43,3,0.0003,89.135,98.475
221,43,1,0.0001,88.515,98.685
223,43,5,0.0005,87.175,98.985
224,43,1,0.0001,86.395,99.065
226,43,1,0.0001,84.675,99.265
228,43,1,0.0001,82.745,99.465
231,43,1,0.0001,79.705,99.575
232,43,1,0.0001,78.765,99.655
234,43,1,0.0001,76.605,99.715
237,43,1,0.0001,73.435,99.835
240,43,1,0.0001,69.995,99.865
178,44,2,0.0002,99.67,12.45
179,44,2,0.0002,99.6,14.23
182,44,1,0.0001,99.415,19.945
183,44,1,0.0001,99.365,22.225
184,44,2,0.0002,99.3,24.99
186,44,3,0.0003,99.085,30.105
187,44,1,0.0001,98.975,33.185
188,44,2,0.0002,98.85,36.27
189,44,5,0.0005,98.695,39.355
190,44,7,0.0007,98.525,42.655
191,44,6,0.0006,98.31,45.76
192,44,8,0.0008,98.16,48.71
193,44,6,0.0006,97.99,51.69
194,44,5,0.0005,97.835,54.565
195,44,10,0.001,97.63,57.3
196,44,11,0.0011,97.385,60.235
197,44,12,0.0012,97.08,63.06
198,44,10,0.001,96.76,65.76
199,44,18,0.0018,96.38,68.39
200,44,16,0.0016,96.07,70.78
201,44,11,0.0011,95.755,72.985
202,44,13,0.0013,95.385,75.205
203,44,16,0.0016,95.11,77.51
204,44,18,0.0018,94.68,79.47
205,44,20,0.002,94.25,81.35
206,44,14,0.0014,93.74,83.13
207,44,23,0.0023,93.215,84.955
208,44,9,0.0009,92.605,86.615
209,44,13,0.0013,92.055,88.165
210,44,8,0.0008,91.51,89.5
211,44,11,0.0011,90.915,90.655
212,44,13,0.0013,90.395,91.585
213,44,5,0.0005,89.785,92.535
214,44,4,0.0004,89.1,93.38
215,44,4,0.0004,88.49,94.14
216,44,4,0.0004,87.83,94.82
217,44,2,0.0002,87.14,95.31
218,44,7,0.0007,86.355,95.765
219,44,2,0.0002,85.49,96.31
220,44,4,0.0004,84.65,96.74
221,44,1,0.0001,83.795,97.075
222,44,2,0.0002,82.73,97.44
223,44,2,0.0002,81.78,97.72
225,44,1,0.0001,79.695,98.265
226,44,1,0.0001,78.755,98.455
227,44,3,0.0003,77.695,98.665
228,44,1,0.0001,76.595,98.855
230,44,1,0.0001,74.535,99.055
231,44,1,0.0001,73.425,99.185
232,44,1,0.0001,72.365,99.255
233,44,3,0.0003,71.105,99.335
235,44,1,0.0001,68.915,99.535
236,44,1,0.0001,67.575,99.565
243,44,1,0.0001,59.405,99.825
248,44,1,0.0001,53.125,99.885
181,45,1,0.0001,98.965,8.635
184,45,3,0.0003,98.475,12.425
185,45,2,0.0002,98.27,14.21
186,45,2,0.0002,98.11,15.77
187,45,1,0.0001,97.955,17.815
188,45,1,0.0001,97.805,19.935
189,45,1,0.0001,97.575,22.215
190,45,4,0.0004,97.31,24.96
191,45,8,0.0008,96.98,27.76
192,45,11,0.0011,96.655,30.035
193,45,8,0.0008,96.25,33.14
194,45,11,0.0011,95.935,36.205
195,45,19,0.0019,95.605,39.235
196,45,8,0.0008,95.28,42.58
197,45,19,0.0019,94.935,45.635
198,45,16,0.0016,94.51,48.59
199,45,20,0.002,94.05,51.56
200,45,21,0.0021,93.565,54.435
201,45,29,0.0029,92.955,57.105
202,45,27,0.0027,92.425,60.045
203,45,22,0.0022,91.88,62.89
204,45,31,0.0031,91.315,65.555
205,45,26,0.0026,90.73,68.17
206,45,19,0.0019,90.235,70.605
207,45,22,0.0022,89.65,72.82
208,45,26,0.0026,88.95,75.01
209,45,25,0.0025,88.345,77.305
210,45,23,0.0023,87.695,79.265
211,45,24,0.0024,87.01,81.13
212,45,20,0.002,86.22,82.96
213,45,17,0.0017,85.395,84.755
214,45,18,0.0018,84.54,86.48
215,45,17,0.0017,83.705,88.015
216,45,15,0.0015,82.645,89.385
217,45,12,0.0012,81.71,90.54
218,45,9,0.0009,80.745,91.475
219,45,12,0.0012,79.63,92.45
220,45,3,0.0003,78.735,93.345
221,45,10,0.001,77.63,94.07
222,45,11,0.0011,76.535,94.745
223,45,4,0.0004,75.58,95.28
224,45,3,0.0003,74.515,95.715
225,45,4,0.0004,73.4,96.28
226,45,2,0.0002,72.35,96.71
227,45,3,0.0003,71.075,97.055
228,45,4,0.0004,69.97,97.41
229,45,2,0.0002,68.9,97.7
230,45,3,0.0003,67.555,97.985
231,45,1,0.0001,66.515,98.255
233,45,2,0.0002,64.17,98.64
234,45,2,0.0002,63.05,98.84
237,45,1,0.0001,59.395,99.175
240,45,1,0.0001,55.665,99.455
259,45,1,0.0001,33.065,99.935
275,45,1,0.0001,18.355,99.975
187,46,1,0.0001,96.205,8.625
188,46,1,0.0001,95.875,9.775
189,46,1,0.0001,95.505,11.115
190,46,1,0.0001,95.235,12.405
191,46,4,0.0004,94.82,14.18
192,46,2,0.0002,94.42,15.75
193,46,4,0.0004,93.93,17.79
194,46,9,0.0009,93.415,19.885
195,46,13,0.0013,92.745,22.145
196,46,14,0.0014,92.22,24.87
197,46,19,0.0019,91.675,27.625
198,46,13,0.0013,91.095,29.915
199,46,9,0.0009,90.555,33.055
200,46,24,0.0024,90.02,36.03
201,46,30,0.003,89.39,38.99
202,46,22,0.0022,88.71,42.43
203,46,23,0.0023,88.105,45.425
204,46,27,0.0027,87.445,48.375
205,46,31,0.0031,86.735,51.305
206,46,40,0.004,85.92,54.13
207,46,44,0.0044,85.09,56.74
208,46,40,0.004,84.25,59.71
209,46,36,0.0036,83.44,62.6
210,46,28,0.0028,82.43,65.26
211,46,33,0.0033,81.485,67.875
212,46,44,0.0044,80.48,70.29
213,46,35,0.0035,79.395,72.535
214,46,20,0.002,78.62,74.78
215,46,28,0.0028,77.44,77.04
216,46,25,0.0025,76.355,79.025
217,46,20,0.002,75.46,80.91
218,46,22,0.0022,74.39,82.75
219,46,21,0.0021,73.275,84.565
220,46,18,0.0018,72.25,86.3
221,46,18,0.0018,70.97,87.84
222,46,9,0.0009,69.905,89.265
223,46,18,0.0018,68.8,90.39
224,46,7,0.0007,67.505,91.395
225,46,11,0.0011,66.455,92.335
226,46,17,0.0017,65.325,93.245
227,46,9,0.0009,64.115,93.975
228,46,10,0.001,62.99,94.64
229,46,6,0.0006,61.84,95.23
230,46,6,0.0006,60.64,95.67
231,46,5,0.0005,59.365,96.235
232,46,4,0.0004,58.32,96.68
233,46,2,0.0002,57.04,97.03
234,46,5,0.0005,55.635,97.365
235,46,2,0.0002,54.46,97.68
237,46,1,0.0001,51.905,98.245
238,46,1,0.0001,50.675,98.445
239,46,1,0.0001,49.555,98.625
240,46,1,0.0001,48.365,98.825
243,46,1,0.0001,44.975,99.165
246,46,2,0.0002,41.22,99.44
250,46,1,0.0001,36.745,99.645
252,46,1,0.0001,34.075,99.705
258,46,1,0.0001,27.925,99.855
186,47,2,0.0002,94.4,3.23
188,47,1,0.0001,93.365,4.405
190,47,1,0.0001,92.145,5.715
192,47,3,0.0003,91.015,7.635
193,47,2,0.0002,90.5,8.61
194,47,5,0.0005,89.875,9.745
195,47,8,0.0008,89.2,11.07
196,47,8,0.0008,88.56,12.36
197,47,14,0.0014,87.92,14.09
198,47,9,0.0009,87.265,15.695
199,47,16,0.0016,86.5,17.69
200,47,20,0.002,85.62,19.74
201,47,18,0.0018,84.78,21.99
202,47,22,0.0022,83.94,24.69
203,47,44,0.0044,83.04,27.31
204,47,39,0.0039,82.095,29.655
205,47,45,0.0045,81.095,32.785
206,47,42,0.0042,80.05,35.7
207,47,32,0.0032,79.06,38.68
208,47,55,0.0055,78.245,42.045
209,47,44,0.0044,77.08,45.09
210,47,46,0.0046,76,48.01
211,47,39,0.0039,75.165,50.955
212,47,41,0.0041,74.075,53.725
213,47,32,0.0032,73.01,56.36
214,47,50,0.005,71.91,59.26
215,47,31,0.0031,70.725,62.265
216,47,40,0.004,69.66,64.92
217,47,46,0.0046,68.48,67.48
218,47,31,0.0031,67.315,69.915
219,47,27,0.0027,66.265,72.225
220,47,27,0.0027,65.105,74.545
221,47,24,0.0024,63.95,76.78
222,47,23,0.0023,62.825,78.785
223,47,26,0.0026,61.68,80.68
224,47,20,0.002,60.51,82.54
225,47,19,0.0019,59.245,84.365
226,47,18,0.0018,58.21,86.12
227,47,19,0.0019,56.935,87.655
228,47,19,0.0019,55.515,89.125
229,47,8,0.0008,54.41,90.26
230,47,10,0.001,53.07,91.31
231,47,8,0.0008,51.86,92.24
232,47,6,0.0006,50.64,93.13
233,47,6,0.0006,49.52,93.9
234,47,6,0.0006,48.33,94.56
235,47,6,0.0006,47.33,95.17
236,47,4,0.0004,46.27,95.62
237,47,7,0.0007,44.935,96.175
238,47,2,0.0002,43.82,96.65
239,47,4,0.0004,42.58,97
240,47,3,0.0003,41.195,97.325
241,47,4,0.0004,40.13,97.65
242,47,4,0.0004,39.09,97.95
243,47,3,0.0003,37.825,98.225
244,47,1,0.0001,36.735,98.435
245,47,4,0.0004,35.36,98.6
247,47,1,0.0001,33.055,98.955
250,47,1,0.0001,29.765,99.245
252,47,1,0.0001,27.915,99.425
258,47,1,0.0001,22.615,99.695
260,47,2,0.0002,20.79,99.79
187,48,1,0.0001,90.485,1.275
189,48,1,0.0001,89.155,1.815
192,48,1,0.0001,87.215,3.215
193,48,1,0.0001,86.415,3.715
194,48,1,0.0001,85.515,4.395
195,48,1,0.0001,84.685,5.115
196,48,3,0.0003,83.815,5.695
197,48,6,0.0006,82.79,6.62
198,48,10,0.001,81.85,7.57
199,48,7,0.0007,80.835,8.565
200,48,13,0.0013,79.775,9.655
201,48,12,0.0012,78.84,10.97
202,48,23,0.0023,77.855,12.205
203,48,23,0.0023,76.745,13.905
204,48,13,0.0013,75.705,15.585
205,48,41,0.0041,74.765,17.405
206,48,37,0.0037,73.685,19.455
207,48,41,0.0041,72.645,21.695
208,48,42,0.0042,71.45,24.37
209,48,44,0.0044,70.35,26.87
210,48,36,0.0036,69.28,29.28
211,48,51,0.0051,67.995,32.305
212,48,45,0.0045,66.935,35.265
213,48,54,0.0054,65.86,38.25
214,48,56,0.0056,64.69,41.49
215,48,44,0.0044,63.61,44.65
216,48,42,0.0042,62.5,47.57
217,48,46,0.0046,61.32,50.53
218,48,41,0.0041,60.205,53.315
219,48,31,0.0031,58.995,56.045
220,48,39,0.0039,57.925,58.815
221,48,48,0.0048,56.6,61.87
222,48,36,0.0036,55.24,64.54
223,48,44,0.0044,54.15,67.03
224,48,33,0.0033,52.855,69.595
225,48,32,0.0032,51.66,71.93
226,48,27,0.0027,50.475,74.275
227,48,32,0.0032,49.33,76.5
228,48,14,0.0014,48.23,78.6
229,48,16,0.0016,47.22,80.47
230,48,25,0.0025,46.125,82.315
231,48,23,0.0023,44.785,84.155
232,48,17,0.0017,43.725,85.945
233,48,19,0.0019,42.465,87.465
234,48,10,0.001,41.13,88.98
235,48,9,0.0009,40.065,90.175
236,48,10,0.001,39.02,91.21
237,48,9,0.0009,37.765,92.155
238,48,14,0.0014,36.66,93.03
239,48,6,0.0006,35.31,93.84
240,48,3,0.0003,34.055,94.515
241,48,4,0.0004,33.03,95.12
242,48,5,0.0005,31.875,95.575
243,48,5,0.0005,30.865,96.115
244,48,4,0.0004,29.74,96.62
245,48,3,0.0003,28.805,96.965
246,48,3,0.0003,27.895,97.295
247,48,4,0.0004,27.02,97.61
248,48,2,0.0002,26.12,97.92
249,48,3,0.0003,25.275,98.195
250,48,1,0.0001,24.435,98.425
251,48,4,0.0004,23.52,98.56
252,48,1,0.0001,22.605,98.815
253,48,2,0.0002,21.66,98.94
254,48,1,0.0001,20.775,99.045
257,48,2,0.0002,18.34,99.31
262,48,1,0.0001,14.895,99.635
186,49,1,0.0001,87.205,0.525
191,49,1,0.0001,82.755,0.955
192,49,1,0.0001,81.795,1.155
196,49,3,0.0003,77.725,2.275
197,49,2,0.0002,76.62,2.68
198,49,4,0.0004,75.62,3.19
199,49,2,0.0002,74.55,3.7
200,49,3,0.0003,73.485,4.375
201,49,6,0.0006,72.41,5.08
202,49,11,0.0011,71.185,5.625
203,49,13,0.0013,70.065,6.525
204,49,14,0.0014,69.03,7.45
205,49,16,0.0016,67.66,8.45
206,49,17,0.0017,66.625,9.505
207,49,15,0.0015,65.515,10.835
208,49,18,0.0018,64.32,12
209,49,28,0.0028,63.25,13.65
210,49,37,0.0037,62.105,15.335
211,49,32,0.0032,60.93,17.04
212,49,40,0.004,59.8,19.07
213,49,34,0.0034,58.67,21.32
214,49,56,0.0056,57.45,23.88
215,49,48,0.0048,56.12,26.41
216,49,37,0.0037,54.875,28.915
217,49,58,0.0058,53.64,31.76
218,49,49,0.0049,52.445,34.795
219,49,49,0.0049,51.255,37.735
220,49,45,0.0045,50.115,40.985
221,49,47,0.0047,48.935,44.195
222,49,43,0.0043,47.945,47.145
223,49,38,0.0038,46.95,50.11
224,49,49,0.0049,45.755,52.865
225,49,31,0.0031,44.515,55.735
226,49,35,0.0035,43.465,58.445
227,49,52,0.0052,42.11,61.37
228,49,34,0.0034,40.91,64.19
229,49,23,0.0023,39.905,66.695
230,49,28,0.0028,38.83,69.29
231,49,16,0.0016,37.64,71.69
232,49,29,0.0029,36.445,73.995
233,49,22,0.0022,35.17,76.23
234,49,15,0.0015,33.965,78.455
235,49,24,0.0024,32.89,80.27
236,49,20,0.002,31.75,82.09
237,49,21,0.0021,30.735,83.935
238,49,20,0.002,29.62,85.76
239,49,19,0.0019,28.695,87.275
240,49,17,0.0017,27.795,88.845
241,49,16,0.0016,26.92,90.05
242,49,5,0.0005,26.085,91.135
243,49,8,0.0008,25.22,92.07
244,49,5,0.0005,24.405,92.935
245,49,4,0.0004,23.48,93.79
246,49,8,0.0008,22.56,94.46
247,49,5,0.0005,21.625,95.075
248,49,1,0.0001,20.765,95.545
249,49,3,0.0003,20.045,96.075
250,49,3,0.0003,19.245,96.585
251,49,6,0.0006,18.3,96.92
252,49,5,0.0005,17.625,97.255
253,49,1,0.0001,16.945,97.585
255,49,3,0.0003,15.575,98.165
256,49,3,0.0003,14.875,98.405
257,49,1,0.0001,14.385,98.535
258,49,3,0.0003,13.725,98.795
259,49,2,0.0002,13.21,98.92
261,49,3,0.0003,12.145,99.145
262,49,1,0.0001,11.565,99.235
263,49,2,0.0002,11.07,99.29
264,49,1,0.0001,10.445,99.415
265,49,1,0.0001,9.975,99.525
271,49,1,0.0001,6.945,99.735
272,49,2,0.0002,6.59,99.77
274,49,1,0.0001,5.915,99.845
278,49,1,0.0001,4.605,99.875
189,50,1,0.0001,78.775,0.355
194,50,2,0.0002,73.46,0.67
196,50,1,0.0001,71.125,0.845
198,50,4,0.0004,68.94,1.13
200,50,2,0.0002,66.53,1.55
201,50,2,0.0002,65.43,1.8
202,50,5,0.0005,64.205,2.235
203,50,4,0.0004,63.09,2.65
204,50,5,0.0005,61.895,3.145
205,50,9,0.0009,60.725,3.645
206,50,19,0.0019,59.505,4.265
207,50,13,0.0013,58.435,4.985
208,50,11,0.0011,57.115,5.515
209,50,21,0.0021,55.775,6.355
210,50,18,0.0018,54.6,7.29
211,50,16,0.0016,53.27,8.29
212,50,21,0.0021,52.095,9.315
213,50,25,0.0025,50.885,10.635
214,50,22,0.0022,49.78,11.8
215,50,26,0.0026,48.57,13.38
216,50,25,0.0025,47.605,15.025
217,50,34,0.0034,46.59,16.71
218,50,38,0.0038,45.32,18.68
219,50,39,0.0039,44.165,20.955
220,50,57,0.0057,43.005,23.315
221,50,41,0.0041,41.645,25.965
222,50,36,0.0036,40.56,28.55
223,50,46,0.0046,39.56,31.24
224,50,50,0.005,38.44,34.3
225,50,46,0.0046,37.33,37.26
226,50,59,0.0059,36.005,40.465
227,50,53,0.0053,34.795,43.695
228,50,41,0.0041,33.685,46.725
229,50,43,0.0043,32.555,49.705
230,50,33,0.0033,31.485,52.455
231,50,31,0.0031,30.475,55.425
232,50,36,0.0036,29.34,58.09
233,50,24,0.0024,28.48,60.99
234,50,30,0.003,27.56,63.87
235,50,23,0.0023,26.725,66.465
236,50,22,0.0022,25.95,69.04
237,50,20,0.002,25.08,71.51
238,50,28,0.0028,24.24,73.71
239,50,22,0.0022,23.35,76.01
240,50,27,0.0027,22.385,78.245
241,50,21,0.0021,21.495,80.045
242,50,15,0.0015,20.685,81.915
243,50,21,0.0021,19.925,83.725
244,50,16,0.0016,19.15,85.58
245,50,8,0.0008,18.23,87.14
246,50,6,0.0006,17.57,88.73
247,50,11,0.0011,16.885,89.915
248,50,8,0.0008,16.28,91.07
249,50,10,0.001,15.51,91.98
250,50,6,0.0006,14.83,92.88
251,50,9,0.0009,14.335,93.725
252,50,6,0.0006,13.68,94.39
253,50,6,0.0006,13.17,95.02
254,50,6,0.0006,12.65,95.51
255,50,5,0.0005,12.105,96.035
256,50,3,0.0003,11.545,96.555
257,50,4,0.0004,11.04,96.87
258,50,5,0.0005,10.415,97.205
259,50,2,0.0002,9.96,97.57
260,50,3,0.0003,9.395,97.895
261,50,4,0.0004,8.98,98.13
262,50,4,0.0004,8.41,98.37
265,50,1,0.0001,6.935,98.905
267,50,1,0.0001,6.275,99.125
268,50,1,0.0001,5.905,99.225
270,50,1,0.0001,5.155,99.405
189,51,1,0.0001,72.375,0.155
195,51,1,0.0001,65.415,0.345
199,51,1,0.0001,60.675,0.615
201,51,2,0.0002,58.36,0.76
202,51,1,0.0001,57.055,0.835
204,51,4,0.0004,54.49,1.09
205,51,6,0.0006,53.16,1.24
206,51,7,0.0007,51.955,1.505
207,51,8,0.0008,50.72,1.75
208,51,11,0.0011,49.615,2.155
209,51,7,0.0007,48.405,2.595
210,51,11,0.0011,47.425,3.065
211,51,11,0.0011,46.365,3.545
212,51,13,0.0013,45.065,4.105
213,51,12,0.0012,43.91,4.86
214,51,10,0.001,42.67,5.41
215,51,17,0.0017,41.355,6.165
216,51,21,0.0021,40.275,7.095
217,51,19,0.0019,39.235,8.115
218,51,26,0.0026,38.06,9.08
219,51,27,0.0027,36.965,10.375
220,51,19,0.0019,35.615,11.595
221,51,30,0.003,34.38,13.1
222,51,27,0.0027,33.345,14.765
223,51,30,0.003,32.19,16.39
224,51,21,0.0021,31.215,18.385
225,51,35,0.0035,30.145,20.585
226,51,22,0.0022,29.05,22.92
227,51,28,0.0028,28.22,25.62
228,51,17,0.0017,27.325,28.285
229,51,31,0.0031,26.455,30.855
230,51,35,0.0035,25.665,33.875
231,51,30,0.003,24.83,36.88
232,51,30,0.003,23.95,40.02
233,51,26,0.0026,23.11,43.3
234,51,26,0.0026,22.12,46.39
235,51,37,0.0037,21.205,49.305
236,51,25,0.0025,20.485,52.165
237,51,22,0.0022,19.71,55.16
238,51,21,0.0021,18.965,57.805
239,51,19,0.0019,18.095,60.775
240,51,25,0.0025,17.415,63.595
241,51,16,0.0016,16.75,66.27
242,51,23,0.0023,16.125,68.815
243,51,19,0.0019,15.365,71.315
244,51,15,0.0015,14.725,73.495
245,51,21,0.0021,14.185,75.795
246,51,10,0.001,13.6,78.06
247,51,11,0.0011,13.085,79.885
248,51,10,0.001,12.57,81.79
249,51,12,0.0012,12.02,83.56
250,51,13,0.0013,11.465,85.435
251,51,15,0.0015,10.945,87.025
252,51,14,0.0014,10.32,88.63
253,51,8,0.0008,9.91,89.82
254,51,8,0.0008,9.34,90.99
255,51,11,0.0011,8.905,91.875
256,51,6,0.0006,8.36,92.82
257,51,7,0.0007,7.805,93.645
258,51,4,0.0004,7.38,94.34
259,51,2,0.0002,6.92,94.98
260,51,6,0.0006,6.55,95.45
261,51,3,0.0003,6.255,95.995
262,51,9,0.0009,5.855,96.495
263,51,1,0.0001,5.505,96.845
264,51,1,0.0001,5.145,97.175
265,51,2,0.0002,4.88,97.55
266,51,2,0.0002,4.59,97.87
267,51,1,0.0001,4.415,98.105
268,51,1,0.0001,4.175,98.345
269,51,3,0.0003,3.945,98.515
270,51,1,0.0001,3.615,98.775
273,51,1,0.0001,3.075,99.115
277,51,2,0.0002,2.32,99.51
280,51,1,0.0001,1.915,99.625
281,51,2,0.0002,1.71,99.68
284,51,1,0.0001,1.295,99.755
195,52,1,0.0001,58.345,0.145
200,52,1,0.0001,51.915,0.275
204,52,1,0.0001,47.365,0.515
205,52,2,0.0002,46.3,0.6
206,52,1,0.0001,44.995,0.655
207,52,2,0.0002,43.84,0.74
208,52,2,0.0002,42.61,0.82
209,52,4,0.0004,41.25,0.93
210,52,2,0.0002,40.16,1.06
211,52,2,0.0002,39.13,1.2
212,52,8,0.0008,37.89,1.43
213,52,5,0.0005,36.805,1.685
214,52,11,0.0011,35.465,2.045
215,52,12,0.0012,34.17,2.5
216,52,12,0.0012,33.15,2.95
217,52,10,0.001,31.99,3.44
218,52,21,0.0021,31.005,3.935
219,52,18,0.0018,29.88,4.71
220,52,9,0.0009,28.895,5.315
221,52,13,0.0013,28.015,6.015
222,52,15,0.0015,27.165,6.915
223,52,16,0.0016,26.22,7.94
224,52,14,0.0014,25.42,8.88
225,52,17,0.0017,24.595,10.155
226,52,18,0.0018,23.71,11.41
227,52,25,0.0025,22.855,12.825
228,52,19,0.0019,21.895,14.535
229,52,13,0.0013,20.955,16.175
230,52,25,0.0025,20.235,18.155
231,52,19,0.0019,19.505,20.315
232,52,40,0.004,18.66,22.61
233,52,23,0.0023,17.885,25.365
234,52,19,0.0019,17.195,28.105
235,52,27,0.0027,16.535,30.565
236,52,26,0.0026,15.88,33.57
237,52,18,0.0018,15.18,36.64
238,52,15,0.0015,14.575,39.795
239,52,19,0.0019,13.985,43.075
240,52,17,0.0017,13.465,46.175
241,52,16,0.0016,12.95,49.04
242,52,16,0.0016,12.44,51.96
243,52,18,0.0018,11.87,54.96
244,52,19,0.0019,11.305,57.605
245,52,19,0.0019,10.775,60.585
246,52,11,0.0011,10.195,63.415
247,52,16,0.0016,9.79,66.11
248,52,7,0.0007,9.265,68.665
249,52,15,0.0015,8.775,71.145
250,52,14,0.0014,8.26,73.35
251,52,11,0.0011,7.715,75.635
252,52,13,0.0013,7.295,77.945
253,52,7,0.0007,6.875,79.795
254,52,10,0.001,6.47,81.69
255,52,8,0.0008,6.2,83.46
256,52,10,0.001,5.76,85.32
257,52,8,0.0008,5.46,86.91
258,52,10,0.001,5.09,88.51
259,52,8,0.0008,4.83,89.74
260,52,5,0.0005,4.555,90.925
261,52,5,0.0005,4.385,91.795
262,52,5,0.0005,4.145,92.765
263,52,6,0.0006,3.9,93.58
264,52,2,0.0002,3.6,94.31
265,52,3,0.0003,3.385,94.955
266,52,2,0.0002,3.19,95.41
267,52,2,0.0002,3.06,95.97
268,52,3,0.0003,2.815,96.435
269,52,2,0.0002,2.68,96.83
270,52,1,0.0001,2.525,97.165
271,52,1,0.0001,2.305,97.535
272,52,4,0.0004,2.16,97.84
274,52,3,0.0003,1.895,98.325
275,52,1,0.0001,1.695,98.495
276,52,2,0.0002,1.53,98.76
277,52,1,0.0001,1.385,98.895
287,52,1,0.0001,0.795,99.665
200,53,1,0.0001,44.985,0.125
205,53,1,0.0001,39.115,0.225
206,53,1,0.0001,37.845,0.265
207,53,3,0.0003,36.765,0.325
208,53,2,0.0002,35.4,0.37
209,53,3,0.0003,34.095,0.455
210,53,2,0.0002,33.08,0.5
211,53,3,0.0003,31.925,0.575
212,53,1,0.0001,30.895,0.645
213,53,2,0.0002,29.78,0.72
214,53,2,0.0002,28.84,0.8
215,53,1,0.0001,27.945,0.905
216,53,4,0.0004,27.07,1.03
217,53,1,0.0001,26.135,1.185
218,53,4,0.0004,25.33,1.37
219,53,5,0.0005,24.485,1.635
220,53,8,0.0008,23.58,1.95
221,53,8,0.0008,22.69,2.4
222,53,11,0.0011,21.745,2.835
223,53,6,0.0006,20.86,3.36
224,53,3,0.0003,20.095,3.815
225,53,13,0.0013,19.345,4.555
226,53,8,0.0008,18.42,5.23
227,53,11,0.0011,17.715,5.895
228,53,11,0.0011,17.045,6.785
229,53,7,0.0007,16.365,7.825
230,53,13,0.0013,15.685,8.745
231,53,14,0.0014,15.02,10
232,53,9,0.0009,14.455,11.275
233,53,10,0.001,13.84,12.65
234,53,10,0.001,13.33,14.39
235,53,15,0.0015,12.795,16.035
236,53,14,0.0014,12.29,17.96
237,53,16,0.0016,11.7,20.14
238,53,9,0.0009,11.165,22.365
239,53,14,0.0014,10.61,25.18
240,53,11,0.0011,10.085,27.955
241,53,18,0.0018,9.62,30.34
242,53,16,0.0016,9.15,33.36
243,53,16,0.0016,8.62,36.47
244,53,21,0.0021,8.085,39.615
245,53,14,0.0014,7.59,42.91
246,53,16,0.0016,7.15,46.01
247,53,11,0.0011,6.785,48.905
248,53,7,0.0007,6.385,51.845
249,53,17,0.0017,6.075,54.785
250,53,12,0.0012,5.65,57.45
251,53,11,0.0011,5.365,60.435
252,53,9,0.0009,4.995,63.315
253,53,6,0.0006,4.76,66
254,53,7,0.0007,4.495,68.595
255,53,11,0.0011,4.305,71.015
256,53,4,0.0004,4.1,73.26
257,53,14,0.0014,3.8,75.51
258,53,8,0.0008,3.55,77.84
259,53,10,0.001,3.32,79.71
260,53,7,0.0007,3.145,81.605
261,53,9,0.0009,3.005,83.375
262,53,6,0.0006,2.77,85.24
263,53,6,0.0006,2.64,86.84
264,53,3,0.0003,2.505,88.445
265,53,2,0.0002,2.29,89.69
266,53,2,0.0002,2.13,90.89
267,53,2,0.0002,2.02,91.76
268,53,6,0.0006,1.85,92.71
269,53,3,0.0003,1.675,93.535
270,53,4,0.0004,1.5,94.28
271,53,2,0.0002,1.37,94.93
272,53,1,0.0001,1.285,95.395
273,53,1,0.0001,1.205,95.955
274,53,1,0.0001,1.115,96.415
277,53,1,0.0001,0.985,97.525
278,53,2,0.0002,0.94,97.81
279,53,1,0.0001,0.865,98.095
282,53,1,0.0001,0.745,98.745
283,53,3,0.0003,0.655,98.875
284,53,1,0.0001,0.585,99.035
287,53,1,0.0001,0.445,99.275
316,53,1,0.0001,0.045,99.965
202,54,1,0.0001,35.385,0.055
205,54,1,0.0001,31.905,0.095
208,54,1,0.0001,28.825,0.165
209,54,1,0.0001,27.935,0.185
210,54,1,0.0001,27.045,0.215
212,54,2,0.0002,25.3,0.25
213,54,2,0.0002,24.45,0.3
215,54,3,0.0003,22.635,0.425
216,54,1,0.0001,21.685,0.485
217,54,3,0.0003,20.815,0.545
218,54,1,0.0001,20.075,0.635
219,54,1,0.0001,19.275,0.705
220,54,2,0.0002,18.37,0.78
221,54,1,0.0001,17.655,0.895
222,54,2,0.0002,16.98,1
223,54,1,0.0001,16.325,1.175
224,54,2,0.0002,15.61,1.34
225,54,3,0.0003,14.935,1.595
226,54,2,0.0002,14.4,1.9
227,54,2,0.0002,13.78,2.35
228,54,5,0.0005,13.255,2.755
229,54,4,0.0004,12.7,3.31
230,54,4,0.0004,12.2,3.78
231,54,4,0.0004,11.6,4.47
232,54,4,0.0004,11.1,5.17
233,54,6,0.0006,10.51,5.81
234,54,3,0.0003,10.015,6.715
235,54,11,0.0011,9.475,7.735
236,54,4,0.0004,9.05,8.66
237,54,9,0.0009,8.495,9.885
238,54,9,0.0009,7.935,11.185
239,54,7,0.0007,7.485,12.565
240,54,8,0.0008,7.03,14.3
241,54,12,0.0012,6.67,15.9
242,54,3,0.0003,6.335,17.875
243,54,4,0.0004,5.97,20.04
244,54,5,0.0005,5.565,22.295
245,54,9,0.0009,5.265,25.065
246,54,3,0.0003,4.935,27.885
247,54,10,0.001,4.68,30.2
248,54,3,0.0003,4.445,33.265
249,54,4,0.0004,4.23,36.37
250,54,9,0.0009,4.035,39.465
251,54,6,0.0006,3.7,42.81
252,54,8,0.0008,3.47,45.89
253,54,3,0.0003,3.255,48.835
254,54,1,0.0001,3.105,51.805
255,54,8,0.0008,2.92,54.66
256,54,3,0.0003,2.725,57.375
257,54,4,0.0004,2.59,60.36
258,54,8,0.0008,2.45,63.23
259,54,9,0.0009,2.235,65.925
260,54,3,0.0003,2.105,68.545
261,54,3,0.0003,1.995,70.945
262,54,7,0.0007,1.785,73.205
263,54,6,0.0006,1.63,75.41
264,54,6,0.0006,1.45,77.77
265,54,1,0.0001,1.355,79.655
266,54,3,0.0003,1.265,81.555
267,54,3,0.0003,1.185,83.315
269,54,2,0.0002,1.07,86.8
270,54,3,0.0003,1.035,88.415
271,54,1,0.0001,0.975,89.675
272,54,4,0.0004,0.91,90.86
273,54,2,0.0002,0.85,91.74
275,54,1,0.0001,0.785,93.515
276,54,2,0.0002,0.73,94.25
277,54,1,0.0001,0.635,94.915
278,54,2,0.0002,0.57,95.38
280,54,3,0.0003,0.485,96.395
282,54,1,0.0001,0.425,97.155
283,54,1,0.0001,0.395,97.515
285,54,2,0.0002,0.36,98.08
288,54,1,0.0001,0.265,98.735
294,54,1,0.0001,0.145,99.395
296,54,1,0.0001,0.105,99.555
298,54,1,0.0001,0.075,99.615
210,55,1,0.0001,21.675,0.085
212,55,1,0.0001,20.065,0.115
213,55,1,0.0001,19.265,0.135
216,55,2,0.0002,16.96,0.2
219,55,1,0.0001,14.915,0.285
221,55,2,0.0002,13.76,0.4
224,55,1,0.0001,12.175,0.625
225,55,1,0.0001,11.575,0.695
227,55,2,0.0002,10.47,0.88
228,55,2,0.0002,9.99,0.98
229,55,1,0.0001,9.415,1.165
230,55,3,0.0003,9.015,1.315
231,55,2,0.0002,8.44,1.57
232,55,5,0.0005,7.865,1.865
233,55,4,0.0004,7.43,2.32
234,55,4,0.0004,6.97,2.71
235,55,1,0.0001,6.605,3.285
236,55,4,0.0004,6.3,3.74
237,55,3,0.0003,5.935,4.435
238,55,3,0.0003,5.525,5.135
239,55,4,0.0004,5.2,5.76
240,55,3,0.0003,4.905,6.685
241,55,1,0.0001,4.625,7.675
243,55,3,0.0003,4.195,9.825
244,55,1,0.0001,3.985,11.135
245,55,5,0.0005,3.645,12.505
246,55,2,0.0002,3.42,14.25
247,55,2,0.0002,3.23,15.83
248,55,2,0.0002,3.09,17.85
249,55,4,0.0004,2.86,20
250,55,2,0.0002,2.7,22.26
251,55,2,0.0002,2.56,25.01
252,55,6,0.0006,2.38,27.84
254,55,4,0.0004,2.07,33.23
255,55,4,0.0004,1.96,36.33
256,55,3,0.0003,1.735,39.405
257,55,3,0.0003,1.585,42.765
258,55,3,0.0003,1.405,45.835
259,55,1,0.0001,1.345,48.815
260,55,2,0.0002,1.24,51.79
261,55,1,0.0001,1.165,54.615
262,55,1,0.0001,1.105,57.355
264,55,1,0.0001,1.015,63.185
266,55,1,0.0001,0.885,68.525
267,55,1,0.0001,0.835,70.925
268,55,2,0.0002,0.82,73.16
269,55,1,0.0001,0.775,75.375
270,55,4,0.0004,0.7,77.72
271,55,3,0.0003,0.615,79.635
272,55,1,0.0001,0.555,81.535
273,55,3,0.0003,0.535,83.285
274,55,2,0.0002,0.46,85.2
278,55,1,0.0001,0.385,90.835
279,55,1,0.0001,0.345,91.725
281,55,3,0.0003,0.315,93.495
282,55,1,0.0001,0.255,94.235
283,55,1,0.0001,0.215,94.905
286,55,1,0.0001,0.165,96.375
287,55,1,0.0001,0.155,96.815
289,55,1,0.0001,0.125,97.505
291,55,2,0.0002,0.09,98.06
213,56,1,0.0001,14.905,0.045
215,56,1,0.0001,13.745,0.065
216,56,1,0.0001,13.225,0.075
218,56,1,0.0001,12.165,0.105
221,56,1,0.0001,10.455,0.175
227,56,1,0.0001,7.405,0.385
233,56,1,0.0001,5.175,0.865
236,56,1,0.0001,4.425,1.295
238,56,2,0.0002,3.97,1.83
241,56,2,0.0002,3.21,3.27
243,56,1,0.0001,2.835,4.415
245,56,1,0.0001,2.545,5.735
246,56,1,0.0001,2.345,6.665
247,56,1,0.0001,2.185,7.665
249,56,2,0.0002,1.93,9.8
251,56,2,0.0002,1.56,12.47
253,56,3,0.0003,1.325,15.805
254,56,2,0.0002,1.22,17.83
255,56,3,0.0003,1.145,19.965
256,56,2,0.0002,1.09,22.24
259,56,1,0.0001,0.965,30.145
260,56,1,0.0001,0.875,33.205
263,56,2,0.0002,0.76,42.74
264,56,1,0.0001,0.675,45.815
265,56,1,0.0001,0.595,48.805
267,56,2,0.0002,0.51,54.6
269,56,1,0.0001,0.435,60.335
270,56,1,0.0001,0.415,63.175
274,56,1,0.0001,0.335,73.145
275,56,2,0.0002,0.29,75.36
276,56,2,0.0002,0.24,77.69
277,56,1,0.0001,0.205,79.615
279,56,1,0.0001,0.175,83.265
282,56,1,0.0001,0.135,88.395
283,56,1,0.0001,0.115,89.665
294,56,1,0.0001,0.065,97.145
206,57,1,0.0001,15.595,0.025
234,57,1,0.0001,3.405,0.475
239,57,1,0.0001,2.535,0.855
240,57,1,0.0001,2.335,0.965
242,57,1,0.0001,2.045,1.285
245,57,1,0.0001,1.545,2.295
247,57,1,0.0001,1.305,3.255
251,57,1,0.0001,1.055,5.725
252,57,1,0.0001,1.005,6.655
253,57,1,0.0001,0.955,7.655
256,57,1,0.0001,0.805,11.125
264,57,1,0.0001,0.405,27.805
266,57,1,0.0001,0.375,33.195
269,57,1,0.0001,0.275,42.725
270,57,1,0.0001,0.225,45.805
271,57,1,0.0001,0.195,48.795
292,57,1,0.0001,0.035,92.675
309,57,1,0.0001,0.015,99.105
331,57,1,0.0001,0.005,99.925
236,58,1,0.0001,2.035,0.235
243,58,1,0.0001,1.125,0.685
215,59,1,0.0001,5.165,0.005
217,59,1,0.0001,4.615,0.015
259,59,1,0.0001,0.185,3.245
279,59,1,0.0001,0.055,36.305
284,59,1,0.0001,0.025,51.775
234,60,1,0.0001,0.995,0.035
