democratic_house_seats,democratic_aligned_senate_seats,open_simulation_count,calibrated_probability,overall_dem_to_gop_percentile,house_vs_senate_tilt_percentile
229,37,1,0.00006094,99.805,99.992
205,38,1,0.00001827,99.984,99.861
214,38,1,0.00004823,99.937,99.928
201,39,1,0.00001827,99.981,99.449
203,39,1,0.00001827,99.974,99.583
207,39,1,0.00001827,99.952,99.783
180,40,1,0.00001827,99.999,81.774
189,40,1,0.00001827,99.99,93.768
194,40,1,0.00001827,99.983,96.743
200,40,1,0.00001827,99.963,98.455
203,40,1,0.00001827,99.923,98.932
206,40,1,0.00001827,99.89,99.368
207,40,1,0.00001827,99.881,99.513
209,40,2,0.00003653,99.853,99.586
213,40,1,0.00001704,99.76,99.785
226,40,1,0.00002153,99.149,99.931
175,41,1,0.00001827,99.997,55.113
179,41,1,0.00001827,99.995,66.517
190,41,1,0.00001827,99.979,88.439
191,41,1,0.00001827,99.975,89.74
192,41,1,0.00001827,99.966,91.06
195,41,2,0.00003653,99.954,93.867
196,41,1,0.00001827,99.941,94.525
197,41,2,0.00003653,99.926,95.251
199,41,1,0.00001827,99.901,96.355
200,41,3,0.0000548,99.894,96.823
201,41,1,0.00001827,99.883,97.217
203,41,2,0.00002635,99.856,97.753
205,41,2,0.00003653,99.814,98.301
206,41,1,0.00000809,99.788,98.494
215,41,1,0.00004823,99.458,99.591
216,41,2,0.00006528,99.388,99.651
217,41,1,0.00004823,99.31,99.739
219,41,1,0.00002153,99.193,99.787
222,41,1,0.00006094,98.992,99.837
224,41,1,0.00006094,98.779,99.877
237,41,1,0.00007125,96.834,99.937
258,41,1,0.00004756,86.32,99.998
176,42,1,0.00001827,99.992,38.523
180,42,1,0.00001827,99.986,52.12
185,42,1,0.00001827,99.977,66.864
186,42,1,0.00001827,99.968,69.414
189,42,2,0.00003653,99.958,76.867
191,42,1,0.00001827,99.929,80.581
192,42,2,0.00003653,99.915,82.426
193,42,2,0.00003653,99.904,84.129
194,42,1,0.00001827,99.897,85.646
195,42,2,0.00003653,99.886,87.232
196,42,1,0.00001827,99.868,88.682
197,42,3,0.00004462,99.86,89.981
198,42,3,0.00004298,99.833,91.292
199,42,2,0.00003653,99.818,92.31
200,42,3,0.00003117,99.79,93.141
201,42,3,0.0000548,99.763,93.939
202,42,3,0.00004298,99.725,94.625
203,42,4,0.00007306,99.69,95.408
204,42,4,0.00006824,99.662,95.893
205,42,2,0.00003653,99.634,96.461
206,42,4,0.00006125,99.611,96.939
207,42,2,0.00003171,99.571,97.271
208,42,2,0.00002473,99.522,97.556
209,42,2,0.00003653,99.463,97.799
210,42,3,0.0001447,99.399,98.159
211,42,2,0.00009647,99.318,98.352
212,42,1,0.00002135,99.254,98.513
215,42,3,0.0001447,99.074,99.079
217,42,2,0.00009647,98.902,99.278
218,42,2,0.00012188,98.788,99.408
219,42,1,0.00002153,98.646,99.516
222,42,1,0.00002698,98.341,99.662
230,42,1,0.00002518,97.042,99.882
236,42,1,0.00007125,95.424,99.916
243,42,1,0.00002197,92.584,99.942
170,43,1,0.00001827,99.994,10.372
174,43,1,0.00001827,99.988,17.361
180,43,2,0.00003653,99.971,33.762
182,43,1,0.00001827,99.964,39.069
183,43,1,0.00001827,99.961,42.677
184,43,3,0.0000548,99.944,46.076
185,43,1,0.00001827,99.93,49.29
186,43,3,0.0000548,99.919,52.56
187,43,4,0.00007306,99.909,55.961
190,43,4,0.00007306,99.873,64.401
191,43,3,0.0000548,99.865,67.227
192,43,6,0.00010959,99.84,69.803
193,43,4,0.00007306,99.823,72.426
194,43,6,0.0001096,99.797,74.991
195,43,8,0.00012413,99.772,77.165
196,43,8,0.00014612,99.734,78.957
197,43,8,0.00014612,99.701,80.887
198,43,2,0.00002472,99.667,82.69
199,43,6,0.00009778,99.641,84.308
200,43,5,0.00009133,99.618,85.909
201,43,10,0.00017247,99.581,87.521
202,43,11,0.00020012,99.533,88.883
203,43,12,0.00021918,99.475,90.19
204,43,8,0.00014531,99.413,91.568
205,43,10,0.00015852,99.33,92.479
206,43,4,0.00006125,99.258,93.324
207,43,5,0.00009134,99.199,94.029
208,43,4,0.00006125,99.153,94.679
209,43,1,0.00001827,99.082,95.445
210,43,2,0.00006527,98.998,95.962
211,43,2,0.00006527,98.91,96.534
212,43,7,0.00027955,98.808,96.982
213,43,2,0.00009647,98.652,97.295
214,43,3,0.00014472,98.561,97.628
215,43,2,0.00005577,98.465,97.817
216,43,2,0.00015672,98.351,98.191
217,43,3,0.00013481,98.226,98.38
218,43,2,0.00010939,98.084,98.551
219,43,4,0.00018827,97.937,98.701
220,43,3,0.00012409,97.804,98.88
221,43,1,0.00006094,97.667,99.1
223,43,5,0.00032547,97.292,99.316
224,43,1,0.00002153,97.044,99.429
226,43,1,0.00002886,96.611,99.557
228,43,1,0.00002698,96.076,99.707
231,43,1,0.00001114,95.102,99.788
232,43,1,0.00007125,94.801,99.814
234,43,1,0.00003154,93.939,99.842
237,43,1,0.00002517,92.621,99.898
240,43,1,0.00000972,90.954,99.911
178,44,2,0.00003653,99.949,13.587
179,44,2,0.00003653,99.933,15.658
182,44,1,0.00001827,99.899,22.634
183,44,1,0.00001827,99.888,25.159
184,44,2,0.00003653,99.878,27.936
186,44,3,0.0000548,99.848,34.119
187,44,1,0.00001827,99.828,36.796
188,44,2,0.00003653,99.81,39.576
189,44,5,0.00009133,99.783,43.197
190,44,7,0.00011604,99.747,46.608
191,44,6,0.00010959,99.714,49.969
192,44,8,0.00014613,99.675,53.235
193,44,6,0.0001096,99.651,56.497
194,44,5,0.00009133,99.627,59.465
195,44,10,0.00017084,99.598,62.618
196,44,11,0.0001891,99.553,64.759
197,44,12,0.00020737,99.497,67.757
198,44,10,0.00016229,99.429,70.082
199,44,18,0.00030514,99.354,72.906
200,44,16,0.00028207,99.275,75.338
201,44,11,0.00019074,99.213,77.48
202,44,13,0.000209,99.166,79.215
203,44,16,0.00026543,99.097,81.203
204,44,18,0.00029333,99.016,82.957
205,44,20,0.00031487,98.929,84.561
206,44,14,0.00023208,98.834,86.166
207,44,23,0.00040489,98.677,87.755
208,44,9,0.0001424,98.575,89.069
209,44,13,0.00021709,98.479,90.432
210,44,8,0.00035466,98.376,91.669
211,44,11,0.00050966,98.258,92.577
212,44,13,0.0005126,98.115,93.445
213,44,5,0.00024122,97.958,94.114
214,44,4,0.00015224,97.818,94.855
215,44,4,0.00016173,97.678,95.486
216,44,4,0.00013054,97.49,96.051
217,44,2,0.00005577,97.311,96.582
218,44,7,0.00027441,97.059,97.041
219,44,2,0.00012192,96.849,97.338
220,44,4,0.00037996,96.632,97.675
221,44,1,0.00006094,96.375,97.843
222,44,2,0.00008247,96.082,98.218
223,44,2,0.0000825,95.761,98.416
225,44,1,0.00006094,95.106,98.722
226,44,1,0.00002153,94.805,98.904
227,44,3,0.00018283,94.421,99.137
228,44,1,0.00006094,93.944,99.23
230,44,1,0.00007125,93.048,99.437
231,44,1,0.00007125,92.627,99.521
232,44,1,0.00005245,92.095,99.569
233,44,3,0.00011498,91.595,99.642
235,44,1,0.00003154,90.246,99.749
236,44,1,0.00002517,89.625,99.772
243,44,1,0.00002197,84.442,99.9
248,44,1,0.00002753,79.511,99.921
181,45,1,0.00001827,99.829,9.485
184,45,3,0.00005481,99.756,14.119
185,45,2,0.00003653,99.721,15.953
186,45,2,0.00003653,99.684,18.163
187,45,1,0.00001827,99.658,20.643
188,45,1,0.00000595,99.632,23.021
189,45,1,0.00000645,99.607,25.544
190,45,4,0.00007306,99.566,28.606
191,45,8,0.00013431,99.514,31.784
192,45,11,0.00019076,99.446,34.597
193,45,8,0.00014612,99.376,37.101
194,45,11,0.00016548,99.298,40.126
195,45,19,0.00028791,99.237,43.895
196,45,8,0.00013431,99.184,47.17
197,45,19,0.00030468,99.125,50.599
198,45,16,0.0002719,99.044,53.771
199,45,20,0.00036451,98.963,56.966
200,45,21,0.00033878,98.862,60.185
201,45,29,0.00054854,98.725,63.041
202,45,27,0.00041544,98.603,65.304
203,45,22,0.00035868,98.508,68.141
204,45,31,0.00048208,98.418,70.754
205,45,26,0.00040331,98.304,73.418
206,45,19,0.00030678,98.156,75.606
207,45,22,0.00038603,97.99,77.864
208,45,26,0.00042759,97.847,79.501
209,45,25,0.00037855,97.705,81.475
210,45,23,0.00094415,97.544,83.255
211,45,24,0.00087149,97.358,84.734
212,45,20,0.00088367,97.117,86.439
213,45,17,0.00068013,96.889,87.977
214,45,18,0.000586,96.68,89.269
215,45,17,0.00051441,96.404,90.577
216,45,15,0.00059694,96.116,91.876
217,45,12,0.00044995,95.787,92.746
218,45,9,0.00047702,95.452,93.58
219,45,12,0.00083293,95.151,94.212
220,45,3,0.00014886,94.814,94.984
221,45,10,0.00063629,94.462,95.573
222,45,11,0.00055756,93.975,96.163
223,45,4,0.00022907,93.507,96.638
224,45,3,0.00007004,93.057,97.078
225,45,4,0.00020438,92.641,97.41
226,45,2,0.0000485,92.101,97.712
227,45,3,0.00010399,91.606,97.936
228,45,4,0.00007957,90.958,98.232
229,45,2,0.0000822,90.252,98.435
230,45,3,0.00012066,89.634,98.58
231,45,1,0.00003154,89.045,98.737
233,45,2,0.00005035,87.62,99.154
234,45,2,0.00010279,86.802,99.258
237,45,1,0.00002517,84.445,99.526
240,45,1,0.00002753,81.721,99.71
259,45,1,0.00001254,60.363,99.933
275,45,1,0.00000923,36.279,99.989
187,46,1,0.00001827,99.384,9.713
188,46,1,0.00001827,99.307,10.842
189,46,1,0.00001827,99.252,12.734
190,46,1,0.00001827,99.191,14.365
191,46,4,0.00007306,99.144,16.298
192,46,2,0.00002472,99.059,18.698
193,46,4,0.00007307,98.985,21.324
194,46,9,0.00014776,98.887,23.206
195,46,13,0.00023665,98.764,26.36
196,46,14,0.00019992,98.634,29.172
197,46,19,0.00027923,98.539,32.691
198,46,13,0.00017038,98.451,35.061
199,46,9,0.00011518,98.33,37.537
200,46,24,0.0003797,98.19,40.915
201,46,30,0.00050099,98.034,44.438
202,46,22,0.00032541,97.885,47.518
203,46,23,0.00038231,97.743,50.948
204,46,27,0.0004154,97.612,54.311
205,46,31,0.00043918,97.423,57.318
206,46,40,0.00065876,97.194,60.509
207,46,44,0.00059884,96.953,63.371
208,46,40,0.00064703,96.741,65.718
209,46,36,0.00044663,96.452,68.636
210,46,28,0.00091674,96.192,71.198
211,46,33,0.00125834,95.873,73.801
212,46,44,0.00156905,95.555,76.011
213,46,35,0.00116154,95.25,78.179
214,46,20,0.00070756,94.857,79.846
215,46,28,0.00109059,94.549,81.68
216,46,25,0.00078132,94.042,83.447
217,46,20,0.00083162,93.56,85.016
218,46,22,0.00093958,93.107,86.589
219,46,21,0.00074947,92.688,88.133
220,46,18,0.00079103,92.142,89.401
221,46,18,0.00108907,91.665,90.752
222,46,9,0.00024953,90.975,91.98
223,46,18,0.00049249,90.28,92.891
224,46,7,0.00032914,89.656,93.729
225,46,11,0.00047881,89.07,94.347
226,46,17,0.00075183,88.308,95.107
227,46,9,0.00043752,87.644,95.694
228,46,10,0.00040711,86.828,96.246
229,46,6,0.0002168,86.134,96.673
230,46,6,0.00027328,85.206,97.125
231,46,5,0.00011824,84.452,97.444
232,46,4,0.00007605,83.518,97.731
233,46,2,0.00008239,82.646,97.992
234,46,5,0.00024867,81.735,98.259
235,46,2,0.00010279,80.544,98.449
237,46,1,0.00001114,78.504,98.797
238,46,1,0.00005248,77.582,98.921
239,46,1,0.00001114,76.636,99.186
240,46,1,0.00000716,75.891,99.271
243,46,1,0.00002197,72.722,99.528
246,46,2,0.00008973,69.83,99.716
250,46,1,0.00001156,64.848,99.818
252,46,1,0.00000555,62.105,99.871
258,46,1,0.00000744,53.726,99.912
186,47,2,0.00006645,99.064,3.116
188,47,1,0.00003323,98.896,4.689
190,47,1,0.00001471,98.644,6.908
192,47,3,0.00003164,98.461,8.728
193,47,2,0.00002646,98.337,9.961
194,47,5,0.00010166,98.214,11.018
195,47,8,0.00017513,98.068,13.084
196,47,8,0.00026439,97.914,14.731
197,47,14,0.00035983,97.78,16.634
198,47,9,0.00025862,97.646,18.938
199,47,16,0.00036915,97.464,21.623
200,47,20,0.0004807,97.251,23.696
201,47,18,0.00056673,97.011,26.793
202,47,22,0.00056185,96.802,29.624
203,47,44,0.00103924,96.527,32.986
204,47,39,0.00099248,96.287,35.467
205,47,45,0.00118059,95.995,37.855
206,47,42,0.00083634,95.675,41.525
207,47,32,0.00085047,95.351,44.921
208,47,55,0.00122287,94.953,48.099
209,47,44,0.00119125,94.663,51.497
210,47,46,0.00290328,94.226,54.814
211,47,39,0.00205774,93.704,57.922
212,47,41,0.00248605,93.279,60.873
213,47,32,0.00202452,92.827,63.615
214,47,50,0.00287538,92.326,66.224
215,47,31,0.00193674,91.817,68.909
216,47,40,0.00257412,91.116,71.537
217,47,46,0.00220206,90.415,74.068
218,47,31,0.00205385,89.775,76.28
219,47,27,0.00163863,89.176,78.427
220,47,27,0.00231557,88.462,80.147
221,47,24,0.00178839,87.755,81.864
222,47,23,0.00163048,86.93,83.772
223,47,26,0.00172563,86.231,85.245
224,47,20,0.00120208,85.279,86.83
225,47,19,0.00119742,84.518,88.317
226,47,18,0.00117538,83.58,89.628
227,47,19,0.00148972,82.724,90.984
228,47,19,0.00113175,81.804,92.13
229,47,8,0.00059777,80.579,92.98
230,47,10,0.00074539,79.555,93.806
231,47,8,0.00057828,78.533,94.418
232,47,6,0.00031997,77.601,95.182
233,47,6,0.00022831,76.648,95.839
234,47,6,0.00032604,75.907,96.316
235,47,6,0.00051123,75.063,96.769
236,47,4,0.00015764,73.783,97.179
237,47,7,0.00032673,72.739,97.473
238,47,2,0.00010322,71.651,97.747
239,47,4,0.00017952,70.697,98.021
240,47,3,0.00027505,69.849,98.286
241,47,4,0.00015374,69.034,98.464
242,47,4,0.00015424,67.565,98.625
243,47,3,0.00009154,66.306,98.824
244,47,1,0.00034123,64.87,98.95
245,47,4,0.00016525,63.343,99.195
247,47,1,0.00005358,60.821,99.372
250,47,1,0.00001679,56.132,99.588
252,47,1,0.00001009,53.73,99.736
258,47,1,0.00003045,44.92,99.873
260,47,2,0.00005138,41.923,99.887
187,48,1,0.00002043,98.339,1.063
189,48,1,0.0000163,98.077,1.498
192,48,1,0.00002043,97.66,3.241
193,48,1,0.0000163,97.483,4.168
194,48,1,0.00000722,97.276,4.817
195,48,1,0.0000163,97.04,5.877
196,48,3,0.00005304,96.84,7.039
197,48,6,0.00024384,96.591,7.843
198,48,10,0.00033427,96.353,8.949
199,48,7,0.00021543,96.064,10.119
200,48,13,0.00039534,95.737,11.438
201,48,12,0.00026679,95.407,13.268
202,48,23,0.00080257,95.055,15.126
203,48,23,0.00071559,94.758,17.163
204,48,13,0.0002989,94.386,19.284
205,48,41,0.00122166,93.868,21.938
206,48,37,0.00081926,93.444,24.204
207,48,41,0.00104482,92.98,26.979
208,48,42,0.00113385,92.526,29.839
209,48,44,0.00132426,91.98,33.258
210,48,36,0.002942,91.392,35.914
211,48,51,0.00367994,90.709,38.191
212,48,45,0.00303942,90.03,42.043
213,48,54,0.00309771,89.413,45.279
214,48,56,0.00387158,88.771,48.463
215,48,44,0.00303844,87.997,51.866
216,48,42,0.00291784,87.157,55.259
217,48,46,0.00220179,86.432,58.272
218,48,41,0.0041042,85.545,61.302
219,48,31,0.00275093,84.715,63.875
220,48,39,0.0031569,83.797,66.676
221,48,48,0.00324991,82.961,69.221
222,48,36,0.00350226,82.036,71.927
223,48,44,0.00380597,80.799,74.524
224,48,33,0.00301077,79.743,76.715
225,48,32,0.00205551,78.665,78.676
226,48,27,0.00187271,77.711,80.456
227,48,32,0.00244538,76.781,82.242
228,48,14,0.00106515,75.977,84.044
229,48,16,0.00127315,75.153,85.494
230,48,25,0.00228179,73.905,87.026
231,48,23,0.00211641,72.861,88.545
232,48,17,0.00164199,71.739,89.823
233,48,19,0.00168769,70.79,91.145
234,48,10,0.00078371,69.902,92.269
235,48,9,0.00079128,69.081,93.1
236,48,10,0.0006732,67.607,93.903
237,48,9,0.00066593,66.346,94.559
238,48,14,0.00121686,64.948,95.314
239,48,6,0.00039179,63.371,95.87
240,48,3,0.00013565,62.12,96.363
241,48,4,0.00079572,60.864,96.866
242,48,5,0.00021614,59.264,97.228
243,48,5,0.00043658,57.568,97.533
244,48,4,0.00043168,56.156,97.776
245,48,3,0.00028495,54.916,98.108
246,48,3,0.00014252,53.738,98.31
247,48,4,0.00017695,52.473,98.503
248,48,2,0.00012624,51.027,98.655
249,48,3,0.00024578,49.765,98.841
250,48,1,0.00001402,48.233,99.011
251,48,4,0.0001304,46.642,99.21
252,48,1,0.0000188,44.931,99.272
253,48,2,0.00005647,43.558,99.399
254,48,1,0.00001402,41.963,99.514
257,48,2,0.00006126,37.026,99.657
262,48,1,0.00001402,30.865,99.819
186,49,1,0.00002969,97.662,0.376
191,49,1,0.00006707,96.606,0.767
192,49,1,0.00002369,96.371,0.868
196,49,3,0.00007079,95.098,2.119
197,49,2,0.00003417,94.795,2.735
198,49,4,0.00011179,94.407,3.489
199,49,2,0.00008293,93.933,4.402
200,49,3,0.00007729,93.489,4.882
201,49,6,0.00012012,93.039,6.059
202,49,11,0.000341,92.602,7.191
203,49,13,0.0004703,92.069,8.003
204,49,14,0.00036736,91.557,9.193
205,49,16,0.00059993,90.923,10.288
206,49,17,0.00049555,90.207,11.506
207,49,15,0.00050964,89.593,13.307
208,49,18,0.0006397,88.996,15.343
209,49,28,0.00108389,88.203,17.305
210,49,37,0.00291718,87.449,19.708
211,49,32,0.00227556,86.656,22.218
212,49,40,0.00301021,85.9,24.501
213,49,34,0.00300882,85.003,27.287
214,49,56,0.00433994,84.172,30.408
215,49,48,0.00316321,83.282,33.542
216,49,37,0.00274468,82.348,36.242
217,49,58,0.00544606,81.262,38.796
218,49,49,0.00450811,80.119,42.421
219,49,49,0.00488771,79.012,45.799
220,49,45,0.0051252,78.061,49.033
221,49,47,0.00436027,77.122,52.339
222,49,43,0.00407603,76.234,55.683
223,49,38,0.00346824,75.39,58.629
224,49,49,0.00573397,74.305,61.807
225,49,31,0.00341452,73.138,64.227
226,49,35,0.00298767,71.97,67.015
227,49,52,0.00382146,71.065,69.606
228,49,34,0.00290011,70.086,72.247
229,49,23,0.00210884,69.226,74.85
230,49,28,0.0029003,67.785,77.014
231,49,16,0.00140574,66.449,78.879
232,49,29,0.00297874,65.158,80.731
233,49,22,0.00230308,63.506,82.543
234,49,15,0.00112418,62.183,84.187
235,49,24,0.00197273,61.002,85.745
236,49,20,0.00247787,59.399,87.358
237,49,21,0.00189864,57.685,88.778
238,49,20,0.00165422,56.26,90.066
239,49,19,0.00267159,55.063,91.427
240,49,17,0.00159245,53.824,92.391
241,49,16,0.00148185,52.556,93.217
242,49,5,0.0005247,51.059,93.968
243,49,8,0.0004889,49.802,94.651
244,49,5,0.00031843,48.249,95.428
245,49,4,0.00062902,46.686,95.927
246,49,8,0.00067531,44.965,96.497
247,49,5,0.00026073,43.579,96.955
248,49,1,0.00018145,41.985,97.282
249,49,3,0.00063009,40.324,97.589
250,49,3,0.00013154,38.632,97.808
251,49,6,0.00016328,37.049,98.175
252,49,5,0.00015962,35.73,98.365
253,49,1,0.00002037,34.42,98.515
255,49,3,0.00021057,31.869,98.864
256,49,3,0.0001119,30.917,99.091
257,49,1,0.0001035,29.719,99.221
258,49,3,0.00017257,28.703,99.291
259,49,2,0.0001447,27.528,99.421
261,49,3,0.0001116,25.394,99.55
262,49,1,0.00006142,24.4,99.597
263,49,2,0.00042657,23.202,99.684
264,49,1,0.00002731,22.23,99.743
265,49,1,0.0001021,20.824,99.765
271,49,1,0.00002037,13.963,99.884
272,49,2,0.00006616,13.427,99.893
274,49,1,0.00001499,12.098,99.91
278,49,1,0.00003373,9.989,99.924
189,50,1,0.00001372,95.428,0.216
194,50,2,0.00002744,93.494,0.491
196,50,1,0.00001372,92.622,0.664
198,50,4,0.00013547,91.582,0.903
200,50,2,0.00012935,90.238,1.324
201,50,2,0.00004564,89.621,1.698
202,50,5,0.00014882,89.036,2.13
203,50,4,0.00013698,88.264,2.864
204,50,5,0.00022427,87.606,3.506
205,50,9,0.00027202,86.783,4.42
206,50,19,0.00072048,86.087,5.027
207,50,13,0.00035495,85.171,6.082
208,50,11,0.00052279,84.415,7.287
209,50,21,0.00073733,83.477,8.063
210,50,18,0.00154419,82.563,9.341
211,50,16,0.00182313,81.625,10.464
212,50,21,0.00180786,80.435,11.74
213,50,25,0.00252819,79.383,13.459
214,50,22,0.00175879,78.405,15.568
215,50,26,0.00229998,77.455,17.476
216,50,25,0.00176665,76.526,20.003
217,50,34,0.00300821,75.713,22.482
218,50,38,0.00416612,74.8,24.95
219,50,39,0.00435998,73.527,27.716
220,50,57,0.00585958,72.412,31.009
221,50,41,0.00352096,71.433,33.94
222,50,36,0.00416039,70.439,36.587
223,50,46,0.00463678,69.564,39.302
224,50,50,0.00513943,68.187,42.935
225,50,46,0.00493488,66.766,46.326
226,50,59,0.00672413,65.643,49.627
227,50,53,0.00665226,63.953,52.895
228,50,41,0.00497002,62.487,56.213
229,50,43,0.00598114,61.4,59.131
230,50,33,0.00455576,59.751,62.352
231,50,31,0.00345169,57.953,64.577
232,50,36,0.0051732,56.601,67.488
233,50,24,0.00265408,55.33,69.941
234,50,30,0.00461603,54.135,72.66
235,50,23,0.00327493,52.794,75.16
236,50,22,0.00298923,51.235,77.321
237,50,20,0.00240277,49.947,79.084
238,50,28,0.00295401,48.413,81.042
239,50,22,0.00251069,46.843,82.816
240,50,27,0.00232354,45.115,84.429
241,50,21,0.0024091,43.713,86.034
242,50,15,0.00205657,42.097,87.632
243,50,21,0.00169534,40.44,88.978
244,50,16,0.00220521,38.749,90.311
245,50,8,0.00075866,37.095,91.613
246,50,6,0.00065285,35.77,92.519
247,50,11,0.00092131,34.467,93.373
248,50,8,0.00068679,33.132,94.068
249,50,10,0.00165766,31.962,94.765
250,50,6,0.0003269,30.945,95.462
251,50,9,0.00049295,29.751,95.99
252,50,6,0.00042262,28.733,96.558
253,50,6,0.00031095,27.602,97.011
254,50,6,0.00032096,26.495,97.316
255,50,5,0.00020797,25.41,97.646
256,50,3,0.00019715,24.436,97.83
257,50,4,0.00015023,23.23,98.206
258,50,5,0.00025841,22.245,98.399
259,50,2,0.0000624,20.832,98.56
260,50,3,0.00007961,19.84,98.715
261,50,4,0.00016354,18.461,98.895
262,50,4,0.00024409,17.054,99.115
265,50,1,0.00003574,13.966,99.432
267,50,1,0.00008069,12.749,99.562
268,50,1,0.00005996,12.129,99.603
270,50,1,0.00003574,10.976,99.746
189,51,1,0.00001588,93.053,0.151
195,51,1,0.0000147,89.627,0.217
199,51,1,0.0000023,86.797,0.472
201,51,2,0.00001291,85.19,0.587
202,51,1,0.0000052,84.443,0.665
204,51,4,0.00001636,82.641,0.971
205,51,6,0.00003776,81.718,1.222
206,51,7,0.00010892,80.531,1.336
207,51,8,0.0000585,79.515,1.726
208,51,11,0.00010796,78.498,2.142
209,51,7,0.00010005,77.575,2.876
210,51,11,0.00020271,76.625,3.58
211,51,11,0.0002461,75.876,4.446
212,51,13,0.00025676,75.022,5.129
213,51,12,0.00026185,73.758,6.113
214,51,10,0.00013281,72.712,7.319
215,51,17,0.00034516,71.626,8.117
216,51,21,0.00035659,70.665,9.466
217,51,19,0.00027474,69.809,10.599
218,51,26,0.0056432,68.726,12.143
219,51,27,0.00527528,67.277,13.853
220,51,19,0.00291701,66.125,15.805
221,51,30,0.00539153,64.556,17.891
222,51,27,0.00551236,63.012,20.367
223,51,30,0.00385996,61.892,22.827
224,51,21,0.00384385,60.171,25.352
225,51,35,0.00665195,58.458,28.27
226,51,22,0.00476234,57.098,31.54
227,51,28,0.00465704,55.695,34.355
228,51,17,0.00296531,54.514,36.945
229,51,31,0.00539829,53.228,39.848
230,51,35,0.00679731,51.724,43.541
231,51,30,0.00549072,50.341,46.889
232,51,30,0.00609493,48.865,50.279
233,51,26,0.00515171,47.226,53.5
234,51,26,0.004456,45.454,56.725
235,51,37,0.00698211,44.182,59.819
236,51,25,0.00386284,42.393,62.82
237,51,22,0.00513865,40.782,65.026
238,51,21,0.00355095,39.037,67.945
239,51,19,0.00640013,37.453,70.41
240,51,25,0.00476022,36.041,73.16
241,51,16,0.00238205,34.634,75.471
242,51,23,0.00355054,33.344,77.667
243,51,19,0.00254457,32.172,79.352
244,51,15,0.00239691,31.081,81.336
245,51,21,0.0023693,29.894,83.09
246,51,10,0.00113671,28.81,84.634
247,51,11,0.00217738,27.727,86.286
248,51,10,0.00167895,26.595,87.859
249,51,12,0.00163543,25.502,89.158
250,51,13,0.0010852,24.5,90.497
251,51,15,0.00159282,23.318,91.767
252,51,14,0.00120322,22.318,92.663
253,51,8,0.0008574,20.878,93.513
254,51,8,0.00044313,19.866,94.148
255,51,11,0.00113402,18.526,94.92
256,51,6,0.00046898,17.089,95.518
257,51,7,0.00077273,15.977,96.096
258,51,4,0.00041173,14.778,96.606
259,51,2,0.0001986,13.977,97.064
260,51,6,0.00054982,13.457,97.372
261,51,3,0.00015586,12.76,97.702
262,51,9,0.00084995,12.174,97.888
263,51,1,0.00006114,11.41,98.225
264,51,1,0.00010169,10.983,98.425
265,51,2,0.0001061,10.425,98.568
266,51,2,0.00010616,9.996,98.73
267,51,1,0.00013813,9.499,98.912
268,51,1,0.00006114,9.052,99.149
269,51,3,0.00019781,8.385,99.243
270,51,1,0.00006111,7.955,99.335
273,51,1,0.00010125,6.603,99.577
277,51,2,0.00009,5.148,99.777
280,51,1,0.00004499,4.102,99.822
281,51,2,0.00016372,3.728,99.851
284,51,1,0.00007552,3.021,99.905
195,52,1,0.00001427,85.191,0.152
200,52,1,0.00002393,80.537,0.206
204,52,1,0.00000371,76.635,0.401
205,52,2,0.00001971,75.889,0.473
206,52,1,0.00002373,75.036,0.493
207,52,2,0.00004068,73.773,0.59
208,52,2,0.0000193,72.72,0.719
209,52,4,0.00003017,71.645,0.772
210,52,2,0.00005234,70.685,0.974
211,52,2,0.00002061,69.824,1.225
212,52,8,0.00017238,69.017,1.35
213,52,5,0.00014234,67.548,1.736
214,52,11,0.00020506,66.281,2.158
215,52,12,0.00022323,64.836,2.892
216,52,12,0.00040026,63.307,3.61
217,52,10,0.00019481,62.095,4.468
218,52,21,0.00451335,60.59,5.367
219,52,18,0.00451679,59.016,6.352
220,52,9,0.00196927,57.435,7.425
221,52,13,0.00200736,56.028,8.235
222,52,15,0.00226143,54.775,9.599
223,52,16,0.00228339,53.612,10.727
224,52,14,0.00307694,52.218,12.579
225,52,17,0.00241685,50.737,14.243
226,52,18,0.00339654,49.34,16.125
227,52,25,0.00532307,47.75,18.431
228,52,19,0.00676086,46.015,20.982
229,52,13,0.0017729,44.62,23.11
230,52,25,0.00803404,42.988,25.947
231,52,19,0.00551658,41.315,28.886
232,52,40,0.00885798,39.657,32.234
233,52,23,0.00446085,37.996,34.83
234,52,19,0.00423269,36.491,37.32
235,52,27,0.00761338,35.134,40.515
236,52,26,0.00503231,33.773,44.161
237,52,18,0.00325511,32.462,47.339
238,52,15,0.00284521,31.343,50.756
239,52,19,0.00505042,30.265,54.037
240,52,17,0.00311698,29.023,57.14
241,52,16,0.00273988,27.973,60.339
242,52,16,0.00273012,26.815,63.205
243,52,18,0.00330945,25.749,65.49
244,52,19,0.0045553,24.782,68.386
245,52,19,0.00374037,23.584,70.965
246,52,11,0.00300138,22.528,73.588
247,52,16,0.00311841,21.077,75.777
248,52,7,0.00237958,20.008,78.002
249,52,15,0.00288745,18.727,79.667
250,52,14,0.00132045,17.179,81.56
251,52,11,0.00105607,16.069,83.355
252,52,13,0.00196337,14.897,84.876
253,52,7,0.00058979,14.017,86.513
254,52,10,0.00083984,13.527,88.053
255,52,8,0.0006301,12.8,89.33
256,52,10,0.00095058,12.264,90.65
257,52,8,0.00061294,11.444,91.937
258,52,10,0.00098567,11.038,92.818
259,52,8,0.00108205,10.485,93.658
260,52,5,0.00068872,10.035,94.288
261,52,5,0.00077699,9.545,95.03
262,52,5,0.00066949,9.089,95.638
263,52,6,0.00034783,8.412,96.208
264,52,2,0.0001277,7.965,96.656
265,52,3,0.00029928,7.493,97.096
266,52,2,0.00017595,7.255,97.429
267,52,2,0.0001277,6.615,97.721
268,52,3,0.0004705,6.359,97.965
269,52,2,0.00010901,6.006,98.241
270,52,1,0.00005415,5.555,98.441
271,52,1,0.00016544,5.221,98.594
272,52,4,0.00057487,4.888,98.767
274,52,3,0.0002862,4.119,99.171
275,52,1,0.00007355,3.74,99.266
276,52,2,0.00021959,3.477,99.349
277,52,1,0.00007355,3.252,99.445
287,52,1,0.00009085,1.927,99.866
200,53,1,0.00000987,75.037,0.092
205,53,1,0.00000784,69.834,0.204
206,53,1,0.00000784,69.026,0.208
207,53,3,0.0000253,67.556,0.279
208,53,2,0.00009766,66.296,0.313
209,53,3,0.00004592,64.851,0.32
210,53,2,0.00007538,63.331,0.405
211,53,3,0.00007227,62.109,0.478
212,53,1,0.00003493,60.817,0.496
213,53,2,0.00011351,59.248,0.598
214,53,2,0.00011292,57.539,0.725
215,53,1,0.0000207,56.13,0.775
216,53,4,0.00011428,54.894,0.983
217,53,1,0.00002812,53.728,1.227
218,53,4,0.00085585,52.415,1.401
219,53,5,0.0015885,50.937,1.823
220,53,8,0.00243229,49.631,2.29
221,53,8,0.0020921,48.12,3.008
222,53,11,0.00279793,46.493,3.77
223,53,6,0.00210162,44.814,4.583
224,53,3,0.00128385,43.454,5.687
225,53,13,0.00329689,41.755,6.743
226,53,8,0.00159221,40.18,7.603
227,53,11,0.00390684,38.414,8.531
228,53,11,0.00246346,36.826,9.837
229,53,7,0.0016991,35.6,10.928
230,53,13,0.00340535,34.195,12.905
231,53,14,0.00352353,32.801,14.542
232,53,9,0.00313742,31.642,16.459
233,53,10,0.00225765,30.63,18.812
234,53,10,0.00277516,29.318,21.466
235,53,15,0.00458391,28.339,23.442
236,53,14,0.00392701,27.148,26.568
237,53,16,0.00413959,26.121,29.389
238,53,9,0.00229314,25.124,32.82
239,53,14,0.0034785,23.945,35.244
240,53,11,0.002536,22.805,37.67
241,53,18,0.00549259,21.508,41.208
242,53,16,0.00415754,20.334,44.671
243,53,16,0.00503186,19.123,47.786
244,53,21,0.00470499,17.48,51.202
245,53,14,0.00337381,16.29,54.5
246,53,16,0.00479286,15.234,57.58
247,53,11,0.00207496,14.15,60.645
248,53,7,0.00112569,13.625,63.457
249,53,17,0.00329954,12.996,65.915
250,53,12,0.0015328,12.391,68.735
251,53,11,0.0016416,11.556,71.326
252,53,9,0.00093432,11.139,73.911
253,53,6,0.00087639,10.583,76.133
254,53,7,0.00107246,10.124,78.291
255,53,11,0.00149713,9.658,79.957
256,53,4,0.00038248,9.142,81.754
257,53,14,0.00204187,8.531,83.588
258,53,8,0.00101213,8.022,85.108
259,53,10,0.0013394,7.575,86.703
260,53,7,0.00087326,7.308,88.214
261,53,9,0.00128301,6.685,89.505
262,53,6,0.00103046,6.434,90.858
263,53,6,0.00081229,6.052,92.033
264,53,3,0.00034481,5.575,92.933
265,53,2,0.00022162,5.24,93.756
266,53,2,0.00018263,4.926,94.38
267,53,2,0.00022162,4.523,95.155
268,53,6,0.0011158,4.189,95.771
269,53,3,0.00033605,3.76,96.283
270,53,4,0.00058343,3.517,96.713
271,53,2,0.00032276,3.272,97.155
272,53,1,0.00006821,3.081,97.453
273,53,1,0.00006821,2.841,97.738
274,53,1,0.00015342,2.74,98.004
277,53,1,0.00015342,2.399,98.61
278,53,2,0.00022159,2.243,98.808
279,53,1,0.00006821,2.147,98.927
282,53,1,0.00006821,1.776,99.364
283,53,3,0.00061699,1.593,99.481
284,53,1,0.00015342,1.502,99.537
287,53,1,0.00015342,1.199,99.728
316,53,1,0.00015333,0.098,99.981
202,54,1,0.00002004,66.311,0.077
205,54,1,0.00000656,62.113,0.091
208,54,1,0.00002004,57.545,0.166
209,54,1,0.00001475,56.133,0.168
210,54,1,0.00001732,54.9,0.192
212,54,2,0.00006802,52.461,0.211
213,54,2,0.00004196,51.018,0.283
215,54,3,0.0000692,48.228,0.326
216,54,1,0.00002906,46.634,0.41
217,54,3,0.00007981,44.926,0.485
218,54,1,0.00036996,43.536,0.517
219,54,1,0.00036976,41.944,0.622
220,54,2,0.00032895,40.276,0.748
221,54,1,0.00016448,38.618,0.784
222,54,2,0.00073972,36.986,1.025
223,54,1,0.00036996,35.703,1.247
224,54,2,0.00053443,34.392,1.471
225,54,3,0.00092164,33.023,1.948
226,54,2,0.00059317,31.829,2.441
227,54,2,0.00121191,30.804,3.179
228,54,5,0.00256836,29.585,4.038
229,54,4,0.00126038,28.631,4.754
230,54,4,0.00124958,27.407,5.814
231,54,4,0.00127124,26.392,6.973
232,54,4,0.00148993,25.314,7.757
233,54,6,0.0020314,24.221,8.831
234,54,3,0.00145263,23.004,10.035
235,54,11,0.00395199,21.98,11.221
236,54,4,0.00162593,20.624,13.174
237,54,9,0.0034124,19.545,14.915
238,54,9,0.00475395,17.953,16.889
239,54,7,0.0031828,16.618,19.11
240,54,8,0.00234886,15.592,21.759
241,54,12,0.00443278,14.475,23.941
242,54,3,0.00105834,13.734,26.874
243,54,4,0.00130062,13.226,29.717
244,54,5,0.0015336,12.544,33.115
245,54,9,0.00250278,11.763,35.642
246,54,3,0.00092304,11.232,37.961
247,54,10,0.00324619,10.789,41.729
248,54,3,0.00160816,10.258,45.044
249,54,4,0.0010909,9.788,48.215
250,54,9,0.00157944,9.24,51.636
251,54,6,0.00152452,8.71,55.035
252,54,8,0.00136396,8.141,58.093
253,54,3,0.00099418,7.692,61.047
254,54,1,0.00021537,7.362,63.727
255,54,8,0.0014837,6.824,66.442
256,54,3,0.00052648,6.512,69.032
257,54,4,0.0008643,6.136,71.709
258,54,8,0.00156087,5.67,74.256
259,54,9,0.00181868,5.342,76.474
260,54,3,0.0006461,4.967,78.541
261,54,3,0.00099444,4.584,80.313
262,54,7,0.00165911,4.328,82.037
263,54,6,0.00136926,3.845,83.922
264,54,6,0.00099823,3.596,85.381
265,54,1,0.00021537,3.299,86.901
266,54,3,0.00060366,3.115,88.407
267,54,3,0.00052648,2.871,89.713
269,54,2,0.00043073,2.681,92.208
270,54,3,0.00050215,2.514,93.035
271,54,1,0.00021537,2.418,93.854
272,54,4,0.00077616,2.293,94.485
273,54,2,0.00050791,2.176,95.224
275,54,1,0.00021537,1.942,96.343
276,54,2,0.00025638,1.793,96.808
277,54,1,0.00029254,1.638,97.201
278,54,2,0.0002258,1.52,97.5
280,54,3,0.00063797,1.268,98.062
282,54,1,0.00021537,1.109,98.482
283,54,1,0.00016064,1.09,98.641
285,54,2,0.00043062,0.971,98.988
288,54,1,0.00021537,0.608,99.385
294,54,1,0.00009575,0.352,99.755
296,54,1,0.00021537,0.276,99.799
298,54,1,0.00009575,0.2,99.829
210,55,1,0.00005438,46.652,0.086
212,55,1,0.00005438,43.563,0.095
213,55,1,0.00012284,41.97,0.159
216,55,2,0.00010899,37.035,0.199
219,55,1,0.00022955,33.081,0.296
221,55,2,0.0004591,30.889,0.352
224,55,1,0.00051633,27.495,0.561
225,55,1,0.00022955,26.467,0.652
227,55,2,0.00074588,24.36,0.83
228,55,2,0.00103266,23.129,1.116
229,55,1,0.00051633,22.203,1.292
230,55,3,0.00114043,20.762,1.556
231,55,2,0.00120735,19.776,2.055
232,55,5,0.00261914,18.322,2.602
233,55,4,0.00241469,16.898,3.363
234,55,4,0.00229572,15.824,4.283
235,55,1,0.00060335,14.727,4.848
236,55,4,0.0017441,13.875,5.965
237,55,3,0.00132231,13.357,7.108
238,55,3,0.0012366,12.683,7.917
239,55,4,0.00208733,11.993,9.07
240,55,3,0.00128822,11.342,10.194
241,55,1,0.00023428,10.963,11.469
243,55,3,0.001447,9.915,15.238
244,55,1,0.00052697,9.345,17.225
245,55,5,0.00263457,8.918,19.431
246,55,2,0.00105394,8.262,22.052
247,55,2,0.00105394,7.794,24.297
248,55,2,0.00105394,7.426,27.084
249,55,4,0.00296023,7.046,30.043
250,55,2,0.00060115,6.568,33.354
251,55,2,0.0004342,6.201,36.083
252,55,6,0.00146955,5.821,38.448
254,55,4,0.0012023,5.059,45.494
255,55,4,0.0012023,4.693,48.716
256,55,3,0.00100943,4.461,52.069
257,55,3,0.00073478,3.951,55.442
258,55,3,0.00073478,3.683,58.419
259,55,1,0.00013363,3.316,61.514
260,55,2,0.0004342,3.167,64.034
261,55,1,0.00030057,2.912,66.848
262,55,1,0.00030057,2.763,69.398
264,55,1,0.00030057,2.554,74.729
266,55,1,0.00030057,2.347,78.794
267,55,1,0.00030057,2.217,80.565
268,55,2,0.00060115,2.084,82.394
269,55,1,0.00030057,1.968,84.112
270,55,4,0.00086841,1.849,85.601
271,55,3,0.00090172,1.698,87.185
272,55,1,0.00030057,1.547,88.666
273,55,3,0.00073478,1.397,89.942
274,55,2,0.00060099,1.33,91.26
278,55,1,0.00030057,1.037,94.608
279,55,1,0.00030057,1.007,95.389
281,55,3,0.00090172,0.784,96.415
282,55,1,0.00030057,0.634,96.921
283,55,1,0.00030057,0.492,97.254
286,55,1,0.00030057,0.432,98.137
287,55,1,0.00030057,0.402,98.332
289,55,1,0.00030057,0.302,98.677
291,55,2,0.00060115,0.235,99.041
213,56,1,0.00005461,33.095,0.073
215,56,1,0.00005438,30.926,0.08
216,56,1,0.00002417,29.725,0.09
218,56,1,0.00051605,27.561,0.124
221,56,1,0.00022942,24.414,0.18
227,56,1,0.00022955,17.03,0.389
233,56,1,0.00026838,12.112,0.883
236,56,1,0.00082,10.379,1.654
238,56,2,0.00120735,9.432,2.797
241,56,2,0.00105394,7.9,4.939
243,56,1,0.00052697,7.22,7.234
245,56,1,0.00052697,6.249,9.237
246,56,1,0.00052697,5.921,10.345
247,56,1,0.00119047,5.492,11.59
249,56,2,0.00105394,4.806,15.427
251,56,2,0.00060115,4.017,19.884
253,56,3,0.00090172,3.368,24.696
254,56,2,0.00060115,3.219,27.468
255,56,3,0.00090172,2.973,30.67
256,56,2,0.00060115,2.808,33.73
259,56,1,0.00030057,2.444,42.661
260,56,1,0.00030057,2.377,46.058
263,56,2,0.00070886,2.018,55.922
264,56,1,0.00030057,1.907,58.817
265,56,1,0.00030057,1.758,62.109
267,56,2,0.00060115,1.464,67.194
269,56,1,0.00030057,1.221,72.407
270,56,1,0.00030057,1.135,74.97
274,56,1,0.00030057,0.934,82.673
275,56,2,0.00060115,0.859,84.273
276,56,2,0.00060115,0.679,85.874
277,56,1,0.00030057,0.522,87.497
279,56,1,0.00030057,0.462,90.164
282,56,1,0.00030057,0.372,93.306
283,56,1,0.00030057,0.332,94.009
294,56,1,0.00030057,0.181,98.531
206,57,1,0.00002059,34.514,0.009
234,57,1,0.00060367,8.345,0.442
239,57,1,0.00060367,6.305,0.94
240,57,1,0.00052697,5.974,1.194
242,57,1,0.00023428,5.131,1.712
245,57,1,0.00052697,4.074,3.544
247,57,1,0.00052697,3.44,5.09
251,57,1,0.00030057,2.717,9.433
252,57,1,0.00030057,2.584,10.57
253,57,1,0.00030057,2.474,11.846
256,57,1,0.00030057,2.129,17.607
264,57,1,0.00040828,1.171,39.554
266,57,1,0.00030057,1.067,46.587
269,57,1,0.00030057,0.904,56.477
270,57,1,0.00030057,0.724,59.445
271,57,1,0.00030057,0.552,62.595
292,57,1,0.00030057,0.121,96.03
309,57,1,0.00030057,0.045,99.621
331,57,1,0.00030057,0.015,99.958
236,58,1,0.00060367,5.182,0.248
243,58,1,0.00052697,3.052,0.692
215,59,1,0.00002417,12.313,0.001
217,59,1,0.00005438,11.09,0.005
259,59,1,0.00030057,0.582,5.608
279,59,1,0.00030057,0.151,50.914
284,59,1,0.00030057,0.075,65.67
234,60,1,0.00060367,2.629,0.04
