model,chamber,seats,prob
classic,House,160,0.0025
classic,House,162,0.0025
classic,House,169,0.0025
classic,House,175,0.0025
classic,House,177,0.0025
classic,House,178,0.0025
classic,House,179,0.0125
classic,House,180,0.005
classic,House,181,0.005
classic,House,182,0.0075
classic,House,183,0.015
classic,House,184,0.0075
classic,House,185,0.0075
classic,House,186,0.0025
classic,House,187,0.0175
classic,House,188,0.0225
classic,House,189,0.0275
classic,House,190,0.025
classic,House,191,0.0325
classic,House,192,0.04
classic,House,193,0.055
classic,House,194,0.07
classic,House,195,0.0825
classic,House,196,0.105
classic,House,197,0.1275
classic,House,198,0.135
classic,House,199,0.175
classic,House,200,0.2275
classic,House,201,0.25
classic,House,202,0.3175
classic,House,203,0.3325
classic,House,204,0.4225
classic,House,205,0.41
classic,House,206,0.5025
classic,House,207,0.635
classic,House,208,0.735
classic,House,209,0.8375
classic,House,210,0.84
classic,House,211,0.98
classic,House,212,1.09
classic,House,213,1.19
classic,House,214,1.2975
classic,House,215,1.4825
classic,House,216,1.6125
classic,House,217,1.6725
classic,House,218,1.7875
classic,House,219,1.83
classic,House,220,1.9
classic,House,221,2.1875
classic,House,222,2.075
classic,House,223,2.34
classic,House,224,2.4175
classic,House,225,2.575
classic,House,226,2.4775
classic,House,227,2.51
classic,House,228,2.575
classic,House,229,2.385
classic,House,230,2.4825
classic,House,231,2.55
classic,House,232,2.4075
classic,House,233,2.4225
classic,House,234,2.6075
classic,House,235,2.455
classic,House,236,2.4
classic,House,237,2.24
classic,House,238,2.2625
classic,House,239,2.155
classic,House,240,2.135
classic,House,241,2.045
classic,House,242,1.985
classic,House,243,1.875
classic,House,244,1.8125
classic,House,245,1.65
classic,House,246,1.535
classic,House,247,1.53
classic,House,248,1.395
classic,House,249,1.3925
classic,House,250,1.215
classic,House,251,1.045
classic,House,252,1.1525
classic,House,253,1.0075
classic,House,254,0.955
classic,House,255,0.8875
classic,House,256,0.7725
classic,House,257,0.7525
classic,House,258,0.705
classic,House,259,0.6775
classic,House,260,0.595
classic,House,261,0.5125
classic,House,262,0.485
classic,House,263,0.5075
classic,House,264,0.4575
classic,House,265,0.365
classic,House,266,0.31
classic,House,267,0.31
classic,House,268,0.2875
classic,House,269,0.245
classic,House,270,0.2025
classic,House,271,0.2325
classic,House,272,0.2175
classic,House,273,0.19
classic,House,274,0.1575
classic,House,275,0.145
classic,House,276,0.155
classic,House,277,0.12
classic,House,278,0.1125
classic,House,279,0.09
classic,House,280,0.0675
classic,House,281,0.0875
classic,House,282,0.0975
classic,House,283,0.06
classic,House,284,0.0725
classic,House,285,0.05
classic,House,286,0.0525
classic,House,287,0.04
classic,House,288,0.0375
classic,House,289,0.025
classic,House,290,0.0225
classic,House,291,0.0375
classic,House,292,0.0225
classic,House,293,0.0225
classic,House,294,0.025
classic,House,295,0.01
classic,House,296,0.0175
classic,House,297,0.0175
classic,House,298,0.015
classic,House,299,0.0075
classic,House,300,0.015
classic,House,301,0.015
classic,House,302,0.02
classic,House,303,0.0025
classic,House,304,0.0025
classic,House,305,0.0075
classic,House,306,0.0025
classic,House,307,0.005
classic,House,308,0.0075
classic,House,310,0.0075
classic,House,311,0.01
classic,House,312,0.0025
classic,House,314,0.0025
classic,House,315,0.0025
classic,House,317,0.0025
classic,House,320,0.0025
classic,House,321,0.0025
classic,House,322,0.0025
classic,House,324,0.0025
classic,House,330,0.0025
classic,House,351,0.0025
deluxe,House,165,0.0025
deluxe,House,169,0.0025
deluxe,House,175,0.0025
deluxe,House,180,0.0025
deluxe,House,181,0.0025
deluxe,House,182,0.0025
deluxe,House,183,0.0025
deluxe,House,184,0.0075
deluxe,House,185,0.0075
deluxe,House,186,0.0075
deluxe,House,187,0.0125
deluxe,House,188,0.01
deluxe,House,189,0.0125
deluxe,House,190,0.03
deluxe,House,191,0.02
deluxe,House,192,0.02
deluxe,House,193,0.035
deluxe,House,194,0.0475
deluxe,House,195,0.0425
deluxe,House,196,0.0625
deluxe,House,197,0.0775
deluxe,House,198,0.13
deluxe,House,199,0.1175
deluxe,House,200,0.2
deluxe,House,201,0.23
deluxe,House,202,0.235
deluxe,House,203,0.3075
deluxe,House,204,0.3725
deluxe,House,205,0.42
deluxe,House,206,0.5175
deluxe,House,207,0.585
deluxe,House,208,0.6375
deluxe,House,209,0.8425
deluxe,House,210,0.9125
deluxe,House,211,1.0775
deluxe,House,212,1.13
deluxe,House,213,1.3025
deluxe,House,214,1.505
deluxe,House,215,1.5775
deluxe,House,216,1.7225
deluxe,House,217,1.7625
deluxe,House,218,2
deluxe,House,219,2.07
deluxe,House,220,2.2
deluxe,House,221,2.4625
deluxe,House,222,2.54
deluxe,House,223,2.6075
deluxe,House,224,2.85
deluxe,House,225,2.8625
deluxe,House,226,2.895
deluxe,House,227,2.92
deluxe,House,228,2.6525
deluxe,House,229,2.8575
deluxe,House,230,2.8475
deluxe,House,231,2.8025
deluxe,House,232,2.755
deluxe,House,233,2.8675
deluxe,House,234,2.7575
deluxe,House,235,2.635
deluxe,House,236,2.5325
deluxe,House,237,2.5125
deluxe,House,238,2.29
deluxe,House,239,2.1825
deluxe,House,240,2.1475
deluxe,House,241,2.0275
deluxe,House,242,1.8875
deluxe,House,243,1.735
deluxe,House,244,1.7
deluxe,House,245,1.4425
deluxe,House,246,1.4025
deluxe,House,247,1.215
deluxe,House,248,1.1875
deluxe,House,249,1.1475
deluxe,House,250,1.02
deluxe,House,251,0.9275
deluxe,House,252,0.8275
deluxe,House,253,0.8075
deluxe,House,254,0.685
deluxe,House,255,0.6425
deluxe,House,256,0.6375
deluxe,House,257,0.5475
deluxe,House,258,0.49
deluxe,House,259,0.415
deluxe,House,260,0.3975
deluxe,House,261,0.3875
deluxe,House,262,0.3325
deluxe,House,263,0.265
deluxe,House,264,0.2575
deluxe,House,265,0.2325
deluxe,House,266,0.18
deluxe,House,267,0.1825
deluxe,House,268,0.185
deluxe,House,269,0.145
deluxe,House,270,0.16
deluxe,House,271,0.135
deluxe,House,272,0.1025
deluxe,House,273,0.1025
deluxe,House,274,0.105
deluxe,House,275,0.0875
deluxe,House,276,0.0775
deluxe,House,277,0.0675
deluxe,House,278,0.0475
deluxe,House,279,0.0675
deluxe,House,280,0.0525
deluxe,House,281,0.0375
deluxe,House,282,0.0375
deluxe,House,283,0.045
deluxe,House,284,0.0225
deluxe,House,285,0.0275
deluxe,House,286,0.0425
deluxe,House,287,0.0175
deluxe,House,288,0.02
deluxe,House,289,0.02
deluxe,House,290,0.0125
deluxe,House,291,0.015
deluxe,House,292,0.0175
deluxe,House,293,0.01
deluxe,House,294,0.005
deluxe,House,295,0.005
deluxe,House,296,0.02
deluxe,House,297,0.01
deluxe,House,298,0.0125
deluxe,House,300,0.01
deluxe,House,301,0.005
deluxe,House,303,0.0075
deluxe,House,305,0.01
deluxe,House,306,0.005
deluxe,House,308,0.0075
deluxe,House,312,0.0025
deluxe,House,313,0.0025
deluxe,House,316,0.0025
deluxe,House,317,0.0025
deluxe,House,318,0.0025
deluxe,House,322,0.0025
deluxe,House,326,0.0025
deluxe,House,352,0.0025
lite,House,160,0.0025
lite,House,168,0.0025
lite,House,175,0.005
lite,House,176,0.0025
lite,House,179,0.0025
lite,House,180,0.0075
lite,House,181,0.0125
lite,House,182,0.0025
lite,House,183,0.01
lite,House,185,0.0075
lite,House,186,0.01
lite,House,187,0.0125
lite,House,188,0.02
lite,House,189,0.02
lite,House,190,0.0375
lite,House,191,0.0475
lite,House,192,0.04
lite,House,193,0.0725
lite,House,194,0.1175
lite,House,195,0.095
lite,House,196,0.1175
lite,House,197,0.175
lite,House,198,0.215
lite,House,199,0.2875
lite,House,200,0.325
lite,House,201,0.395
lite,House,202,0.4175
lite,House,203,0.43
lite,House,204,0.555
lite,House,205,0.5625
lite,House,206,0.7775
lite,House,207,0.88
lite,House,208,1.005
lite,House,209,1.0575
lite,House,210,1.3175
lite,House,211,1.255
lite,House,212,1.35
lite,House,213,1.4075
lite,House,214,1.555
lite,House,215,1.5975
lite,House,216,1.7175
lite,House,217,1.9425
lite,House,218,1.92
lite,House,219,1.995
lite,House,220,2.0825
lite,House,221,2.255
lite,House,222,2.1675
lite,House,223,2.1225
lite,House,224,2.3575
lite,House,225,2.1425
lite,House,226,2.2075
lite,House,227,2.205
lite,House,228,2.2875
lite,House,229,2.215
lite,House,230,2.3575
lite,House,231,2.2725
lite,House,232,2.1675
lite,House,233,2.06
lite,House,234,2.1025
lite,House,235,1.9975
lite,House,236,2.07
lite,House,237,1.905
lite,House,238,1.9775
lite,House,239,1.98
lite,House,240,1.675
lite,House,241,1.7425
lite,House,242,1.7125
lite,House,243,1.64
lite,House,244,1.5425
lite,House,245,1.5475
lite,House,246,1.37
lite,House,247,1.3875
lite,House,248,1.3
lite,House,249,1.16
lite,House,250,1.1975
lite,House,251,1.1575
lite,House,252,0.995
lite,House,253,1.0525
lite,House,254,0.9275
lite,House,255,0.81
lite,House,256,0.875
lite,House,257,0.795
lite,House,258,0.725
lite,House,259,0.7225
lite,House,260,0.685
lite,House,261,0.6125
lite,House,262,0.5525
lite,House,263,0.54
lite,House,264,0.5
lite,House,265,0.4825
lite,House,266,0.51
lite,House,267,0.405
lite,House,268,0.35
lite,House,269,0.325
lite,House,270,0.3125
lite,House,271,0.2575
lite,House,272,0.2925
lite,House,273,0.275
lite,House,274,0.2525
lite,House,275,0.2325
lite,House,276,0.1675
lite,House,277,0.1775
lite,House,278,0.1575
lite,House,279,0.15
lite,House,280,0.1475
lite,House,281,0.15
lite,House,282,0.1125
lite,House,283,0.115
lite,House,284,0.105
lite,House,285,0.1
lite,House,286,0.085
lite,House,287,0.0675
lite,House,288,0.0975
lite,House,289,0.055
lite,House,290,0.06
lite,House,291,0.075
lite,House,292,0.0625
lite,House,293,0.05
lite,House,294,0.02
lite,House,295,0.0325
lite,House,296,0.0425
lite,House,297,0.04
lite,House,298,0.03
lite,House,299,0.0375
lite,House,300,0.0175
lite,House,301,0.0125
lite,House,302,0.0075
lite,House,303,0.0125
lite,House,304,0.03
lite,House,305,0.0125
lite,House,306,0.0225
lite,House,307,0.0175
lite,House,308,0.005
lite,House,309,0.0025
lite,House,310,0.01
lite,House,311,0.0025
lite,House,312,0.01
lite,House,313,0.01
lite,House,314,0.0075
lite,House,315,0.005
lite,House,316,0.005
lite,House,318,0.0025
lite,House,319,0.01
lite,House,320,0.0025
lite,House,321,0.005
lite,House,328,0.0025
lite,House,330,0.0025
lite,House,332,0.0025
lite,House,336,0.0025
lite,House,345,0.0025
lite,House,361,0.0025
classic,Senate,39,0.0025
classic,Senate,40,0.0025
classic,Senate,41,0.0275
classic,Senate,42,0.095
classic,Senate,43,0.33
classic,Senate,44,0.77
classic,Senate,45,1.845
classic,Senate,46,3.485
classic,Senate,47,5.7175
classic,Senate,48,8.27
classic,Senate,49,11.1175
classic,Senate,50,13.0375
classic,Senate,51,14.125
classic,Senate,52,13.4125
classic,Senate,53,11.0875
classic,Senate,54,7.6175
classic,Senate,55,4.9
classic,Senate,56,2.475
classic,Senate,57,1.105
classic,Senate,58,0.3975
classic,Senate,59,0.1175
classic,Senate,60,0.05
classic,Senate,61,0.01
classic,Senate,65,0.0025
deluxe,Senate,39,0.0025
deluxe,Senate,40,0.005
deluxe,Senate,41,0.0125
deluxe,Senate,42,0.0425
deluxe,Senate,43,0.2125
deluxe,Senate,44,0.615
deluxe,Senate,45,1.4475
deluxe,Senate,46,3.055
deluxe,Senate,47,5.245
deluxe,Senate,48,8.16
deluxe,Senate,49,10.9675
deluxe,Senate,50,13.4525
deluxe,Senate,51,14.9025
deluxe,Senate,52,14.3725
deluxe,Senate,53,11.8525
deluxe,Senate,54,7.87
deluxe,Senate,55,4.5475
deluxe,Senate,56,2.015
deluxe,Senate,57,0.8275
deluxe,Senate,58,0.265
deluxe,Senate,59,0.1
deluxe,Senate,60,0.0225
deluxe,Senate,61,0.005
deluxe,Senate,65,0.0025
lite,Senate,38,0.0075
lite,Senate,39,0.01
lite,Senate,40,0.05
lite,Senate,41,0.1575
lite,Senate,42,0.4025
lite,Senate,43,0.9175
lite,Senate,44,1.7925
lite,Senate,45,2.9875
lite,Senate,46,4.215
lite,Senate,47,5.7525
lite,Senate,48,7.235
lite,Senate,49,8.7675
lite,Senate,50,9.6675
lite,Senate,51,10.27
lite,Senate,52,10.3775
lite,Senate,53,9.4975
lite,Senate,54,8.565
lite,Senate,55,6.715
lite,Senate,56,4.95
lite,Senate,57,3.46
lite,Senate,58,2.045
lite,Senate,59,1.085
lite,Senate,60,0.5475
lite,Senate,61,0.31
lite,Senate,62,0.125
lite,Senate,63,0.0625
lite,Senate,64,0.0175
lite,Senate,65,0.0075
lite,Senate,67,0.0025